timestamp,dataset,node_idx,original_nodes,original_edges,avg_edges_removed,avg_edges_added,avg_edge_change_ratio,f_alignment,g_alignment,memorization_score,f_test_acc,g_test_acc
2025-01-13 18:51:49,Cora,"tensor(2441, device='cuda:0')",2485,10138,1013.0,0.0,-0.09992108897218387,0.060697104781866074,0.058657288551330566,"tensor(-1., device='cuda:0')",0.735,0.752
2025-01-13 18:51:50,Cora,"tensor(2306, device='cuda:0')",2485,10138,1013.0,0.0,-0.09992108897218387,0.05879457667469978,0.05666918307542801,"tensor(-1., device='cuda:0')",0.739,0.75
2025-01-13 18:51:52,Cora,"tensor(1227, device='cuda:0')",2485,10138,1013.0,0.0,-0.09992108897218387,0.05695509538054466,0.05452406406402588,"tensor(-1., device='cuda:0')",0.738,0.747
2025-01-13 18:51:53,Cora,"tensor(444, device='cuda:0')",2485,10138,1013.0,0.0,-0.09992108897218387,0.05907242372632027,0.058358099311590195,"tensor(-1., device='cuda:0')",0.737,0.753
2025-01-13 18:51:55,Cora,"tensor(1561, device='cuda:0')",2485,10138,1013.0,0.0,-0.09992108897218387,0.05881386995315552,0.05463181808590889,"tensor(-1.0000, device='cuda:0')",0.739,0.748
2025-01-13 18:51:56,Cora,"tensor(975, device='cuda:0')",2485,10138,1013.0,0.0,-0.09992108897218387,0.06032637506723404,0.05835477262735367,"tensor(-1., device='cuda:0')",0.735,0.75
2025-01-13 18:51:58,Cora,"tensor(262, device='cuda:0')",2485,10138,1013.0,0.0,-0.09992108897218387,0.059774596244096756,0.058244623243808746,"tensor(-1., device='cuda:0')",0.738,0.754
2025-01-13 18:52:00,Cora,"tensor(1097, device='cuda:0')",2485,10138,1013.0,0.0,-0.09992108897218387,0.059605635702610016,0.057441290467977524,"tensor(-1., device='cuda:0')",0.744,0.756
2025-01-13 18:52:01,Cora,"tensor(1779, device='cuda:0')",2485,10138,1013.0,0.0,-0.09992108897218387,0.057576049119234085,0.0569709837436676,"tensor(-1., device='cuda:0')",0.74,0.753
2025-01-13 18:52:03,Cora,"tensor(2212, device='cuda:0')",2485,10138,1013.0,0.0,-0.09992108897218387,0.05819801241159439,0.05691437050700188,"tensor(-1., device='cuda:0')",0.744,0.751
2025-01-13 18:52:05,Cora,"tensor(288, device='cuda:0')",2485,10138,1013.0,0.0,-0.09992108897218387,0.05812881141901016,0.055380381643772125,"tensor(-1., device='cuda:0')",0.742,0.751
2025-01-13 18:52:06,Cora,"tensor(540, device='cuda:0')",2485,10138,1013.0,0.0,-0.09992108897218387,0.05897202715277672,0.057948172092437744,"tensor(-1., device='cuda:0')",0.742,0.753
2025-01-13 18:52:08,Cora,"tensor(1906, device='cuda:0')",2485,10138,1013.0,0.0,-0.09992108897218387,0.059428002685308456,0.05882645398378372,"tensor(-1.0000, device='cuda:0')",0.737,0.757
2025-01-13 18:52:09,Cora,"tensor(2035, device='cuda:0')",2485,10138,1013.0,0.0,-0.09992108897218387,0.059304386377334595,0.058053769171237946,"tensor(-1., device='cuda:0')",0.737,0.752
2025-01-13 18:52:11,Cora,"tensor(2255, device='cuda:0')",2485,10138,1013.0,0.0,-0.09992108897218387,0.05928518995642662,0.05779318884015083,"tensor(-1., device='cuda:0')",0.732,0.752
2025-01-13 18:52:12,Cora,"tensor(1283, device='cuda:0')",2485,10138,1013.0,0.0,-0.09992108897218387,0.057291191071271896,0.05878357216715813,"tensor(1., device='cuda:0')",0.735,0.751
2025-01-13 18:52:14,Cora,"tensor(2009, device='cuda:0')",2485,10138,1013.0,0.0,-0.09992108897218387,0.05818329378962517,0.05634680017828941,"tensor(-1., device='cuda:0')",0.74,0.753
2025-01-13 18:52:16,Cora,"tensor(627, device='cuda:0')",2485,10138,1013.0,0.0,-0.09992108897218387,0.05796198919415474,0.05669083818793297,"tensor(-1., device='cuda:0')",0.742,0.752
2025-01-13 18:52:17,Cora,"tensor(1175, device='cuda:0')",2485,10138,1013.0,0.0,-0.09992108897218387,0.05944177135825157,0.05582264065742493,"tensor(-1., device='cuda:0')",0.738,0.749
2025-01-13 18:52:19,Cora,"tensor(1432, device='cuda:0')",2485,10138,1013.0,0.0,-0.09992108897218387,0.058860231190919876,0.05649285390973091,"tensor(-1., device='cuda:0')",0.736,0.748
2025-01-13 18:52:20,Cora,"tensor(1565, device='cuda:0')",2485,10138,1013.0,0.0,-0.09992108897218387,0.0587623231112957,0.058074165135622025,"tensor(-1., device='cuda:0')",0.739,0.753
2025-01-13 18:52:22,Cora,"tensor(1295, device='cuda:0')",2485,10138,1013.0,0.0,-0.09992108897218387,0.05750122666358948,0.05451464653015137,"tensor(-1.0000, device='cuda:0')",0.74,0.752
2025-01-13 18:52:23,Cora,"tensor(1983, device='cuda:0')",2485,10138,1013.0,0.0,-0.09992108897218387,0.05906271934509277,0.056205835193395615,"tensor(-1., device='cuda:0')",0.739,0.749
2025-01-13 18:52:25,Cora,"tensor(2481, device='cuda:0')",2485,10138,1013.0,0.0,-0.09992108897218387,0.05846790224313736,0.057827144861221313,"tensor(-1., device='cuda:0')",0.742,0.75
2025-01-13 18:52:27,Cora,"tensor(443, device='cuda:0')",2485,10138,1013.0,0.0,-0.09992108897218387,0.056566085666418076,0.05712983012199402,"tensor(1., device='cuda:0')",0.74,0.751
2025-01-13 18:52:28,Cora,"tensor(281, device='cuda:0')",2485,10138,1013.0,0.0,-0.09992108897218387,0.06063148006796837,0.05628141388297081,"tensor(-1., device='cuda:0')",0.735,0.753
2025-01-13 18:52:30,Cora,"tensor(986, device='cuda:0')",2485,10138,1013.0,0.0,-0.09992108897218387,0.0570581816136837,0.057772886008024216,"tensor(1.0000, device='cuda:0')",0.737,0.749
2025-01-13 18:52:31,Cora,"tensor(967, device='cuda:0')",2485,10138,1013.0,0.0,-0.09992108897218387,0.06159060075879097,0.06037680059671402,"tensor(-1., device='cuda:0')",0.743,0.751
2025-01-13 18:52:33,Cora,"tensor(2260, device='cuda:0')",2485,10138,1013.0,0.0,-0.09992108897218387,0.05739932879805565,0.055549122393131256,"tensor(-1., device='cuda:0')",0.738,0.747
2025-01-13 18:52:35,Cora,"tensor(758, device='cuda:0')",2485,10138,1013.0,0.0,-0.09992108897218387,0.05539887771010399,0.05435984209179878,"tensor(-1., device='cuda:0')",0.738,0.751
2025-01-13 18:52:36,Cora,"tensor(794, device='cuda:0')",2485,10138,1013.0,0.0,-0.09992108897218387,0.05911659076809883,0.05579126998782158,"tensor(-1., device='cuda:0')",0.737,0.751
2025-01-13 18:52:38,Cora,"tensor(1536, device='cuda:0')",2485,10138,1013.0,0.0,-0.09992108897218387,0.05899408087134361,0.05764507129788399,"tensor(-1., device='cuda:0')",0.739,0.753
2025-01-13 18:52:39,Cora,"tensor(1113, device='cuda:0')",2485,10138,1013.0,0.0,-0.09992108897218387,0.05724863335490227,0.055118318647146225,"tensor(-1., device='cuda:0')",0.739,0.756
2025-01-13 18:52:41,Cora,"tensor(824, device='cuda:0')",2485,10138,1013.0,0.0,-0.09992108897218387,0.05883660539984703,0.05744945630431175,"tensor(-1.0000, device='cuda:0')",0.736,0.754
2025-01-13 18:52:42,Cora,"tensor(1994, device='cuda:0')",2485,10138,1013.0,0.0,-0.09992108897218387,0.057458408176898956,0.05600637197494507,"tensor(-1., device='cuda:0')",0.741,0.75
2025-01-13 18:52:44,Cora,"tensor(356, device='cuda:0')",2485,10138,1013.0,0.0,-0.09992108897218387,0.059178829193115234,0.057937540113925934,"tensor(-1., device='cuda:0')",0.738,0.75
2025-01-13 18:52:46,Cora,"tensor(2005, device='cuda:0')",2485,10138,1013.0,0.0,-0.09992108897218387,0.058057427406311035,0.05567514896392822,"tensor(-1., device='cuda:0')",0.737,0.752
2025-01-13 18:52:47,Cora,"tensor(767, device='cuda:0')",2485,10138,1013.0,0.0,-0.09992108897218387,0.06005150079727173,0.05756307765841484,"tensor(-1.0000, device='cuda:0')",0.74,0.754
2025-01-13 18:52:49,Cora,"tensor(398, device='cuda:0')",2485,10138,1013.0,0.0,-0.09992108897218387,0.058298319578170776,0.05731944367289543,"tensor(-1., device='cuda:0')",0.739,0.752
2025-01-13 18:52:50,Cora,"tensor(1881, device='cuda:0')",2485,10138,1013.0,0.0,-0.09992108897218387,0.05871026590466499,0.0564134418964386,"tensor(-1., device='cuda:0')",0.738,0.75
2025-01-13 18:52:52,Cora,"tensor(2412, device='cuda:0')",2485,10138,1013.0,0.0,-0.09992108897218387,0.05991822108626366,0.05645930767059326,"tensor(-1.0000, device='cuda:0')",0.738,0.746
2025-01-13 18:52:53,Cora,"tensor(1702, device='cuda:0')",2485,10138,1013.0,0.0,-0.09992108897218387,0.05682989954948425,0.05652208253741264,"tensor(-1., device='cuda:0')",0.737,0.751
2025-01-13 18:52:55,Cora,"tensor(2040, device='cuda:0')",2485,10138,1013.0,0.0,-0.09992108897218387,0.059415508061647415,0.057805027812719345,"tensor(-1., device='cuda:0')",0.738,0.752
2025-01-13 18:52:57,Cora,"tensor(1170, device='cuda:0')",2485,10138,1013.0,0.0,-0.09992108897218387,0.05817316845059395,0.05919002369046211,"tensor(1., device='cuda:0')",0.738,0.755
2025-01-13 18:52:58,Cora,"tensor(1431, device='cuda:0')",2485,10138,1013.0,0.0,-0.09992108897218387,0.05937504395842552,0.05761333927512169,"tensor(-1., device='cuda:0')",0.737,0.755
2025-01-13 18:53:00,Cora,"tensor(955, device='cuda:0')",2485,10138,1013.0,0.0,-0.09992108897218387,0.05816734954714775,0.05711774900555611,"tensor(-1., device='cuda:0')",0.74,0.753
2025-01-13 18:53:01,Cora,"tensor(354, device='cuda:0')",2485,10138,1013.0,0.0,-0.09992108897218387,0.05612334609031677,0.05506450682878494,"tensor(-1., device='cuda:0')",0.737,0.753
2025-01-13 18:53:03,Cora,"tensor(2015, device='cuda:0')",2485,10138,1013.0,0.0,-0.09992108897218387,0.05863908678293228,0.05643836408853531,"tensor(-1., device='cuda:0')",0.737,0.755
2025-01-13 18:53:05,Cora,"tensor(350, device='cuda:0')",2485,10138,1013.0,0.0,-0.09992108897218387,0.05963553115725517,0.059425175189971924,"tensor(-1., device='cuda:0')",0.744,0.75
2025-01-13 18:53:06,Cora,"tensor(1593, device='cuda:0')",2485,10138,1013.0,0.0,-0.09992108897218387,0.05930551514029503,0.05704271420836449,"tensor(-1., device='cuda:0')",0.742,0.752
2025-01-13 18:53:08,Cora,"tensor(558, device='cuda:0')",2485,10138,1013.0,0.0,-0.09992108897218387,0.05796344205737114,0.05658508092164993,"tensor(-1., device='cuda:0')",0.737,0.751
2025-01-13 18:53:09,Cora,"tensor(1824, device='cuda:0')",2485,10138,1013.0,0.0,-0.09992108897218387,0.05632816627621651,0.056662775576114655,"tensor(1., device='cuda:0')",0.742,0.752
2025-01-13 18:53:11,Cora,"tensor(1652, device='cuda:0')",2485,10138,1013.0,0.0,-0.09992108897218387,0.05918456241488457,0.05618470534682274,"tensor(-1., device='cuda:0')",0.732,0.754
2025-01-13 18:53:12,Cora,"tensor(2049, device='cuda:0')",2485,10138,1013.0,0.0,-0.09992108897218387,0.059091150760650635,0.05634878948330879,"tensor(-1., device='cuda:0')",0.739,0.75
2025-01-13 18:53:14,Cora,"tensor(612, device='cuda:0')",2485,10138,1013.0,0.0,-0.09992108897218387,0.058263491839170456,0.056970369070768356,"tensor(-1., device='cuda:0')",0.735,0.751
2025-01-13 18:53:16,Cora,"tensor(419, device='cuda:0')",2485,10138,1013.0,0.0,-0.09992108897218387,0.05852299928665161,0.05878281593322754,"tensor(1., device='cuda:0')",0.738,0.752
2025-01-13 18:53:17,Cora,"tensor(2201, device='cuda:0')",2485,10138,1013.0,0.0,-0.09992108897218387,0.060732465237379074,0.058573197573423386,"tensor(-1., device='cuda:0')",0.739,0.75
2025-01-13 18:53:19,Cora,"tensor(403, device='cuda:0')",2485,10138,1013.0,0.0,-0.09992108897218387,0.05812510848045349,0.05589497089385986,"tensor(-1., device='cuda:0')",0.74,0.753
2025-01-13 18:53:20,Cora,"tensor(699, device='cuda:0')",2485,10138,1013.0,0.0,-0.09992108897218387,0.058484818786382675,0.05612362548708916,"tensor(-1., device='cuda:0')",0.74,0.751
2025-01-13 18:53:22,Cora,"tensor(787, device='cuda:0')",2485,10138,1013.0,0.0,-0.09992108897218387,0.05775442719459534,0.05734948068857193,"tensor(-1., device='cuda:0')",0.735,0.754
2025-01-13 18:53:23,Cora,"tensor(842, device='cuda:0')",2485,10138,1013.0,0.0,-0.09992108897218387,0.05839383229613304,0.0576774887740612,"tensor(-1., device='cuda:0')",0.737,0.751
2025-01-13 18:53:25,Cora,"tensor(2105, device='cuda:0')",2485,10138,1013.0,0.0,-0.09992108897218387,0.05946528911590576,0.05788245424628258,"tensor(-1., device='cuda:0')",0.74,0.758
2025-01-13 18:53:27,Cora,"tensor(57, device='cuda:0')",2485,10138,1013.0,0.0,-0.09992108897218387,0.05714641883969307,0.056140877306461334,"tensor(-1., device='cuda:0')",0.737,0.751
2025-01-13 18:53:28,Cora,"tensor(778, device='cuda:0')",2485,10138,1013.0,0.0,-0.09992108897218387,0.05779590085148811,0.0548076331615448,"tensor(-1.0000, device='cuda:0')",0.741,0.753
2025-01-13 18:53:30,Cora,"tensor(954, device='cuda:0')",2485,10138,1013.0,0.0,-0.09992108897218387,0.05748288705945015,0.05687445402145386,"tensor(-1., device='cuda:0')",0.737,0.75
2025-01-13 18:53:31,Cora,"tensor(31, device='cuda:0')",2485,10138,1013.0,0.0,-0.09992108897218387,0.05964808538556099,0.05632573366165161,"tensor(-1., device='cuda:0')",0.742,0.754
2025-01-13 18:53:33,Cora,"tensor(981, device='cuda:0')",2485,10138,1013.0,0.0,-0.09992108897218387,0.059278715401887894,0.057185061275959015,"tensor(-1., device='cuda:0')",0.738,0.75
2025-01-13 18:53:35,Cora,"tensor(1699, device='cuda:0')",2485,10138,1013.0,0.0,-0.09992108897218387,0.05719996616244316,0.05759751796722412,"tensor(1., device='cuda:0')",0.741,0.75
2025-01-13 18:53:36,Cora,"tensor(2230, device='cuda:0')",2485,10138,1013.0,0.0,-0.09992108897218387,0.05795106291770935,0.05784023925662041,"tensor(-1., device='cuda:0')",0.737,0.748
2025-01-13 18:53:38,Cora,"tensor(2349, device='cuda:0')",2485,10138,1013.0,0.0,-0.09992108897218387,0.05582554265856743,0.05592811107635498,"tensor(1., device='cuda:0')",0.732,0.751
2025-01-13 18:53:39,Cora,"tensor(859, device='cuda:0')",2485,10138,1013.0,0.0,-0.09992108897218387,0.0573224239051342,0.0593111515045166,"tensor(1., device='cuda:0')",0.739,0.75
2025-01-13 18:53:41,Cora,"tensor(2369, device='cuda:0')",2485,10138,1013.0,0.0,-0.09992108897218387,0.0600108802318573,0.05770670250058174,"tensor(-1., device='cuda:0')",0.738,0.751
2025-01-13 18:53:42,Cora,"tensor(757, device='cuda:0')",2485,10138,1013.0,0.0,-0.09992108897218387,0.05692599341273308,0.05543803051114082,"tensor(-1., device='cuda:0')",0.739,0.755
2025-01-13 18:53:44,Cora,"tensor(1665, device='cuda:0')",2485,10138,1013.0,0.0,-0.09992108897218387,0.059521209448575974,0.057559091597795486,"tensor(-1., device='cuda:0')",0.742,0.751
2025-01-13 18:53:45,Cora,"tensor(844, device='cuda:0')",2485,10138,1013.0,0.0,-0.09992108897218387,0.05822833999991417,0.057564008980989456,"tensor(-1., device='cuda:0')",0.736,0.753
2025-01-13 18:53:47,Cora,"tensor(347, device='cuda:0')",2485,10138,1013.0,0.0,-0.09992108897218387,0.05751018598675728,0.05627819523215294,"tensor(-1., device='cuda:0')",0.738,0.748
2025-01-13 18:53:49,Cora,"tensor(2233, device='cuda:0')",2485,10138,1013.0,0.0,-0.09992108897218387,0.05872107669711113,0.055033374577760696,"tensor(-1., device='cuda:0')",0.738,0.754
2025-01-13 18:53:50,Cora,"tensor(1760, device='cuda:0')",2485,10138,1013.0,0.0,-0.09992108897218387,0.05911168083548546,0.059540797024965286,"tensor(1.0000, device='cuda:0')",0.738,0.752
2025-01-13 18:53:52,Cora,"tensor(2355, device='cuda:0')",2485,10138,1013.0,0.0,-0.09992108897218387,0.05659452825784683,0.05573272332549095,"tensor(-1.0000, device='cuda:0')",0.74,0.752
2025-01-13 18:53:54,Cora,"tensor(1219, device='cuda:0')",2485,10138,1013.0,0.0,-0.09992108897218387,0.058374691754579544,0.05692523717880249,"tensor(-1., device='cuda:0')",0.743,0.752
2025-01-13 18:53:55,Cora,"tensor(1905, device='cuda:0')",2485,10138,1013.0,0.0,-0.09992108897218387,0.0561755895614624,0.05493253469467163,"tensor(-1., device='cuda:0')",0.744,0.752
2025-01-13 18:53:57,Cora,"tensor(267, device='cuda:0')",2485,10138,1013.0,0.0,-0.09992108897218387,0.05830000713467598,0.05652090907096863,"tensor(-1., device='cuda:0')",0.742,0.751
2025-01-13 18:53:58,Cora,"tensor(2456, device='cuda:0')",2485,10138,1013.0,0.0,-0.09992108897218387,0.05639176443219185,0.054661065340042114,"tensor(-1., device='cuda:0')",0.735,0.751
2025-01-13 18:54:00,Cora,"tensor(740, device='cuda:0')",2485,10138,1013.0,0.0,-0.09992108897218387,0.06002532318234444,0.05665788799524307,"tensor(-1., device='cuda:0')",0.74,0.753
2025-01-13 18:54:02,Cora,"tensor(1272, device='cuda:0')",2485,10138,1013.0,0.0,-0.09992108897218387,0.05745307356119156,0.055987175554037094,"tensor(-1., device='cuda:0')",0.741,0.753
2025-01-13 18:54:03,Cora,"tensor(23, device='cuda:0')",2485,10138,1013.0,0.0,-0.09992108897218387,0.05605870485305786,0.05529992654919624,"tensor(-1.0000, device='cuda:0')",0.737,0.744
2025-01-13 18:54:05,Cora,"tensor(910, device='cuda:0')",2485,10138,1013.0,0.0,-0.09992108897218387,0.058812446892261505,0.056880176067352295,"tensor(-1., device='cuda:0')",0.739,0.752
2025-01-13 18:54:06,Cora,"tensor(319, device='cuda:0')",2485,10138,1013.0,0.0,-0.09992108897218387,0.05682837963104248,0.05647644028067589,"tensor(-1., device='cuda:0')",0.734,0.751
2025-01-13 18:54:08,Cora,"tensor(2469, device='cuda:0')",2485,10138,1013.0,0.0,-0.09992108897218387,0.05703822895884514,0.05832439661026001,"tensor(1., device='cuda:0')",0.738,0.751
2025-01-13 18:54:09,Cora,"tensor(1450, device='cuda:0')",2485,10138,1013.0,0.0,-0.09992108897218387,0.05770105868577957,0.05611057206988335,"tensor(-1., device='cuda:0')",0.74,0.752
2025-01-13 18:54:11,Cora,"tensor(36, device='cuda:0')",2485,10138,1013.0,0.0,-0.09992108897218387,0.058368634432554245,0.05673567205667496,"tensor(-1., device='cuda:0')",0.737,0.751
2025-01-13 18:54:13,Cora,"tensor(116, device='cuda:0')",2485,10138,1013.0,0.0,-0.09992108897218387,0.057239312678575516,0.05811281129717827,"tensor(1., device='cuda:0')",0.74,0.748
2025-01-13 18:54:14,Cora,"tensor(2341, device='cuda:0')",2485,10138,1013.0,0.0,-0.09992108897218387,0.05949630215764046,0.05825388431549072,"tensor(-1., device='cuda:0')",0.741,0.753
2025-01-13 18:54:16,Cora,"tensor(1064, device='cuda:0')",2485,10138,1013.0,0.0,-0.09992108897218387,0.057461004704236984,0.05801438167691231,"tensor(1., device='cuda:0')",0.738,0.751
2025-01-13 18:54:17,Cora,"tensor(2366, device='cuda:0')",2485,10138,1013.0,0.0,-0.09992108897218387,0.05890662595629692,0.05476449802517891,"tensor(-1., device='cuda:0')",0.738,0.755
2025-01-13 18:54:19,Cora,"tensor(2347, device='cuda:0')",2485,10138,1013.0,0.0,-0.09992108897218387,0.05801043659448624,0.05656256154179573,"tensor(-1., device='cuda:0')",0.736,0.752
2025-01-13 18:54:21,Cora,"tensor(153, device='cuda:0')",2485,10138,1013.0,0.0,-0.09992108897218387,0.05887339264154434,0.05809042975306511,"tensor(-1., device='cuda:0')",0.737,0.755
2025-01-13 18:54:22,Cora,"tensor(83, device='cuda:0')",2485,10138,1013.0,0.0,-0.09992108897218387,0.05945118889212608,0.059409249573946,"tensor(-1., device='cuda:0')",0.74,0.753
2025-01-13 18:54:24,Cora,"tensor(2483, device='cuda:0')",2485,10138,1013.0,0.0,-0.09992108897218387,0.060669392347335815,0.058255743235349655,"tensor(-1., device='cuda:0')",0.738,0.752
2025-01-13 18:54:25,Cora,"tensor(1471, device='cuda:0')",2485,10138,1013.0,0.0,-0.09992108897218387,0.057174183428287506,0.05694952234625816,"tensor(-1., device='cuda:0')",0.735,0.751
2025-01-13 18:54:27,Cora,"tensor(1244, device='cuda:0')",2485,10138,1013.0,0.0,-0.09992108897218387,0.058174896985292435,0.057803358882665634,"tensor(-1., device='cuda:0')",0.737,0.752
2025-01-13 18:54:28,Cora,"tensor(1957, device='cuda:0')",2485,10138,1013.0,0.0,-0.09992108897218387,0.05798899009823799,0.05652511864900589,"tensor(-1., device='cuda:0')",0.749,0.751
2025-01-13 18:54:30,Cora,"tensor(1947, device='cuda:0')",2485,10138,1013.0,0.0,-0.09992108897218387,0.05850750207901001,0.05644802004098892,"tensor(-1., device='cuda:0')",0.739,0.753
2025-01-13 18:54:31,Cora,"tensor(1257, device='cuda:0')",2485,10138,1013.0,0.0,-0.09992108897218387,0.058287978172302246,0.05705446004867554,"tensor(-1., device='cuda:0')",0.742,0.752
2025-01-13 18:54:33,Cora,"tensor(2063, device='cuda:0')",2485,10138,1013.0,0.0,-0.09992108897218387,0.06070232018828392,0.05771154165267944,"tensor(-1., device='cuda:0')",0.743,0.754
2025-01-13 18:54:35,Cora,"tensor(1914, device='cuda:0')",2485,10138,1013.0,0.0,-0.09992108897218387,0.05648421868681908,0.056265879422426224,"tensor(-1., device='cuda:0')",0.741,0.752
2025-01-13 18:54:36,Cora,"tensor(353, device='cuda:0')",2485,10138,1013.0,0.0,-0.09992108897218387,0.058047544211149216,0.05788373947143555,"tensor(-1., device='cuda:0')",0.741,0.75
2025-01-13 18:54:38,Cora,"tensor(2331, device='cuda:0')",2485,10138,1013.0,0.0,-0.09992108897218387,0.05827171355485916,0.05732216313481331,"tensor(-1., device='cuda:0')",0.736,0.749
2025-01-13 18:54:39,Cora,"tensor(880, device='cuda:0')",2485,10138,1013.0,0.0,-0.09992108897218387,0.0580577626824379,0.05603758245706558,"tensor(-1., device='cuda:0')",0.739,0.75
2025-01-13 18:54:41,Cora,"tensor(337, device='cuda:0')",2485,10138,1013.0,0.0,-0.09992108897218387,0.058623600751161575,0.05503496527671814,"tensor(-1., device='cuda:0')",0.742,0.755
2025-01-13 18:54:43,Cora,"tensor(1742, device='cuda:0')",2485,10138,1013.0,0.0,-0.09992108897218387,0.057165589183568954,0.05621063709259033,"tensor(-1., device='cuda:0')",0.74,0.745
2025-01-13 18:54:44,Cora,"tensor(1940, device='cuda:0')",2485,10138,1013.0,0.0,-0.09992108897218387,0.05747873708605766,0.05481239780783653,"tensor(-1., device='cuda:0')",0.743,0.754
2025-01-13 18:54:46,Cora,"tensor(1268, device='cuda:0')",2485,10138,1013.0,0.0,-0.09992108897218387,0.05762675032019615,0.05847828462719917,"tensor(1., device='cuda:0')",0.737,0.754
2025-01-13 18:54:47,Cora,"tensor(1642, device='cuda:0')",2485,10138,1013.0,0.0,-0.09992108897218387,0.05755822733044624,0.057154443114995956,"tensor(-1., device='cuda:0')",0.735,0.749
2025-01-13 18:54:49,Cora,"tensor(113, device='cuda:0')",2485,10138,1013.0,0.0,-0.09992108897218387,0.059013307094573975,0.05844205245375633,"tensor(-1., device='cuda:0')",0.735,0.749
2025-01-13 18:54:50,Cora,"tensor(996, device='cuda:0')",2485,10138,1013.0,0.0,-0.09992108897218387,0.05736315995454788,0.054869841784238815,"tensor(-1., device='cuda:0')",0.745,0.753
2025-01-13 18:54:52,Cora,"tensor(1150, device='cuda:0')",2485,10138,1013.0,0.0,-0.09992108897218387,0.058371007442474365,0.05962521582841873,"tensor(1., device='cuda:0')",0.738,0.748
2025-01-13 18:54:54,Cora,"tensor(2122, device='cuda:0')",2485,10138,1013.0,0.0,-0.09992108897218387,0.059827931225299835,0.05929533392190933,"tensor(-1., device='cuda:0')",0.741,0.75
2025-01-13 18:54:55,Cora,"tensor(1803, device='cuda:0')",2485,10138,1013.0,0.0,-0.09992108897218387,0.060528893023729324,0.05813650041818619,"tensor(-1., device='cuda:0')",0.736,0.748
2025-01-13 18:54:57,Cora,"tensor(1791, device='cuda:0')",2485,10138,1013.0,0.0,-0.09992108897218387,0.059325553476810455,0.055375970900058746,"tensor(-1., device='cuda:0')",0.742,0.751
2025-01-13 18:54:58,Cora,"tensor(965, device='cuda:0')",2485,10138,1013.0,0.0,-0.09992108897218387,0.05752057582139969,0.0562606044113636,"tensor(-1., device='cuda:0')",0.738,0.752
2025-01-13 18:55:00,Cora,"tensor(716, device='cuda:0')",2485,10138,1013.0,0.0,-0.09992108897218387,0.05852591618895531,0.055843811482191086,"tensor(-1., device='cuda:0')",0.739,0.748
2025-01-13 18:55:02,Cora,"tensor(1740, device='cuda:0')",2485,10138,1013.0,0.0,-0.09992108897218387,0.05971391126513481,0.058379877358675,"tensor(-1., device='cuda:0')",0.742,0.755
2025-01-13 18:55:03,Cora,"tensor(1888, device='cuda:0')",2485,10138,1013.0,0.0,-0.09992108897218387,0.05911225080490112,0.057755567133426666,"tensor(-1., device='cuda:0')",0.738,0.75
2025-01-13 18:55:05,Cora,"tensor(1734, device='cuda:0')",2485,10138,1013.0,0.0,-0.09992108897218387,0.05935240909457207,0.05787179619073868,"tensor(-1., device='cuda:0')",0.741,0.754
2025-01-13 18:55:06,Cora,"tensor(180, device='cuda:0')",2485,10138,1013.0,0.0,-0.09992108897218387,0.05579643324017525,0.05514512583613396,"tensor(-1., device='cuda:0')",0.737,0.755
2025-01-13 18:55:08,Cora,"tensor(427, device='cuda:0')",2485,10138,1013.0,0.0,-0.09992108897218387,0.05612507089972496,0.05552581697702408,"tensor(-1., device='cuda:0')",0.74,0.746
2025-01-13 18:55:09,Cora,"tensor(1867, device='cuda:0')",2485,10138,1013.0,0.0,-0.09992108897218387,0.05732506513595581,0.05673092603683472,"tensor(-1., device='cuda:0')",0.741,0.751
2025-01-13 18:55:11,Cora,"tensor(1147, device='cuda:0')",2485,10138,1013.0,0.0,-0.09992108897218387,0.05862056091427803,0.057480454444885254,"tensor(-1., device='cuda:0')",0.736,0.757
2025-01-13 18:55:12,Cora,"tensor(1770, device='cuda:0')",2485,10138,1013.0,0.0,-0.09992108897218387,0.05959177762269974,0.055965907871723175,"tensor(-1., device='cuda:0')",0.739,0.756
2025-01-13 18:55:14,Cora,"tensor(1061, device='cuda:0')",2485,10138,1013.0,0.0,-0.09992108897218387,0.05729147791862488,0.05611731484532356,"tensor(-1., device='cuda:0')",0.736,0.756
2025-01-13 18:55:16,Cora,"tensor(1489, device='cuda:0')",2485,10138,1013.0,0.0,-0.09992108897218387,0.057720866054296494,0.05853003263473511,"tensor(1., device='cuda:0')",0.742,0.754
2025-01-13 18:55:17,Cora,"tensor(896, device='cuda:0')",2485,10138,1013.0,0.0,-0.09992108897218387,0.05968240648508072,0.0582432858645916,"tensor(-1., device='cuda:0')",0.738,0.749
2025-01-13 18:55:19,Cora,"tensor(2301, device='cuda:0')",2485,10138,1013.0,0.0,-0.09992108897218387,0.0585920512676239,0.05777878314256668,"tensor(-1., device='cuda:0')",0.74,0.753
2025-01-13 18:55:20,Cora,"tensor(2314, device='cuda:0')",2485,10138,1013.0,0.0,-0.09992108897218387,0.05951429158449173,0.057363688945770264,"tensor(-1., device='cuda:0')",0.734,0.753
2025-01-13 18:55:22,Cora,"tensor(634, device='cuda:0')",2485,10138,1013.0,0.0,-0.09992108897218387,0.056754328310489655,0.05652562528848648,"tensor(-1., device='cuda:0')",0.739,0.755
2025-01-13 18:55:24,Cora,"tensor(2075, device='cuda:0')",2485,10138,1013.0,0.0,-0.09992108897218387,0.05887311324477196,0.060597945004701614,"tensor(1.0000, device='cuda:0')",0.74,0.753
2025-01-13 18:55:25,Cora,"tensor(760, device='cuda:0')",2485,10138,1013.0,0.0,-0.09992108897218387,0.05816357955336571,0.05617634579539299,"tensor(-1., device='cuda:0')",0.74,0.746
2025-01-13 18:55:27,Cora,"tensor(2110, device='cuda:0')",2485,10138,1013.0,0.0,-0.09992108897218387,0.05734395980834961,0.055903252214193344,"tensor(-1., device='cuda:0')",0.741,0.75
2025-01-13 18:55:28,Cora,"tensor(1436, device='cuda:0')",2485,10138,1013.0,0.0,-0.09992108897218387,0.05983910709619522,0.05827417969703674,"tensor(-1., device='cuda:0')",0.738,0.75
2025-01-13 18:55:30,Cora,"tensor(1995, device='cuda:0')",2485,10138,1013.0,0.0,-0.09992108897218387,0.06012513116002083,0.059146761894226074,"tensor(-1., device='cuda:0')",0.738,0.756
2025-01-13 18:55:31,Cora,"tensor(494, device='cuda:0')",2485,10138,1013.0,0.0,-0.09992108897218387,0.058584388345479965,0.05687643215060234,"tensor(-1., device='cuda:0')",0.739,0.752
2025-01-13 18:55:33,Cora,"tensor(1933, device='cuda:0')",2485,10138,1013.0,0.0,-0.09992108897218387,0.05809217318892479,0.05699344351887703,"tensor(-1., device='cuda:0')",0.744,0.751
2025-01-13 18:55:35,Cora,"tensor(127, device='cuda:0')",2485,10138,1013.0,0.0,-0.09992108897218387,0.0594756118953228,0.059708524495363235,"tensor(1., device='cuda:0')",0.738,0.754
2025-01-13 18:55:36,Cora,"tensor(169, device='cuda:0')",2485,10138,1013.0,0.0,-0.09992108897218387,0.05898379161953926,0.055815864354372025,"tensor(-1., device='cuda:0')",0.739,0.752
2025-01-13 18:55:38,Cora,"tensor(1852, device='cuda:0')",2485,10138,1013.0,0.0,-0.09992108897218387,0.059964168816804886,0.05640062317252159,"tensor(-1., device='cuda:0')",0.737,0.751
2025-01-13 18:55:39,Cora,"tensor(24, device='cuda:0')",2485,10138,1013.0,0.0,-0.09992108897218387,0.05938822031021118,0.05668320134282112,"tensor(-1., device='cuda:0')",0.744,0.747
2025-01-13 18:55:41,Cora,"tensor(1501, device='cuda:0')",2485,10138,1013.0,0.0,-0.09992108897218387,0.05980725213885307,0.05753986909985542,"tensor(-1., device='cuda:0')",0.738,0.751
2025-01-13 18:55:43,Cora,"tensor(69, device='cuda:0')",2485,10138,1013.0,0.0,-0.09992108897218387,0.05961967259645462,0.05880590155720711,"tensor(-1., device='cuda:0')",0.739,0.754
2025-01-13 18:55:44,Cora,"tensor(736, device='cuda:0')",2485,10138,1013.0,0.0,-0.09992108897218387,0.05719509348273277,0.056806374341249466,"tensor(-1., device='cuda:0')",0.741,0.754
2025-01-13 18:55:46,Cora,"tensor(1762, device='cuda:0')",2485,10138,1013.0,0.0,-0.09992108897218387,0.06000050902366638,0.056963395327329636,"tensor(-1., device='cuda:0')",0.743,0.751
2025-01-13 18:55:47,Cora,"tensor(637, device='cuda:0')",2485,10138,1013.0,0.0,-0.09992108897218387,0.0581224150955677,0.05750221014022827,"tensor(-1., device='cuda:0')",0.741,0.753
2025-01-13 18:55:49,Cora,"tensor(1901, device='cuda:0')",2485,10138,1013.0,0.0,-0.09992108897218387,0.06023624166846275,0.05826957896351814,"tensor(-1., device='cuda:0')",0.737,0.749
2025-01-13 18:55:50,Cora,"tensor(1743, device='cuda:0')",2485,10138,1013.0,0.0,-0.09992108897218387,0.05827983841300011,0.05734238028526306,"tensor(-1., device='cuda:0')",0.741,0.749
2025-01-13 18:55:52,Cora,"tensor(269, device='cuda:0')",2485,10138,1013.0,0.0,-0.09992108897218387,0.06012080982327461,0.057925671339035034,"tensor(-1., device='cuda:0')",0.734,0.749
2025-01-13 18:55:54,Cora,"tensor(106, device='cuda:0')",2485,10138,1013.0,0.0,-0.09992108897218387,0.05714678764343262,0.056874603033065796,"tensor(-1., device='cuda:0')",0.737,0.754
2025-01-13 18:55:55,Cora,"tensor(2096, device='cuda:0')",2485,10138,1013.0,0.0,-0.09992108897218387,0.058249592781066895,0.05770163610577583,"tensor(-1., device='cuda:0')",0.743,0.753
2025-01-13 18:55:57,Cora,"tensor(963, device='cuda:0')",2485,10138,1013.0,0.0,-0.09992108897218387,0.05846637487411499,0.059002913534641266,"tensor(1., device='cuda:0')",0.737,0.75
2025-01-13 18:55:58,Cora,"tensor(196, device='cuda:0')",2485,10138,1013.0,0.0,-0.09992108897218387,0.05718868598341942,0.05560816451907158,"tensor(-1., device='cuda:0')",0.738,0.753
2025-01-13 18:56:00,Cora,"tensor(2026, device='cuda:0')",2485,10138,1013.0,0.0,-0.09992108897218387,0.058382757008075714,0.055404748767614365,"tensor(-1., device='cuda:0')",0.74,0.753
2025-01-13 18:56:02,Cora,"tensor(619, device='cuda:0')",2485,10138,1013.0,0.0,-0.09992108897218387,0.05694076046347618,0.056270450353622437,"tensor(-1., device='cuda:0')",0.742,0.749
2025-01-13 18:56:03,Cora,"tensor(253, device='cuda:0')",2485,10138,1013.0,0.0,-0.09992108897218387,0.05802076682448387,0.05691501125693321,"tensor(-1., device='cuda:0')",0.738,0.753
2025-01-13 18:56:05,Cora,"tensor(865, device='cuda:0')",2485,10138,1013.0,0.0,-0.09992108897218387,0.0580873005092144,0.05738583952188492,"tensor(-1., device='cuda:0')",0.741,0.75
2025-01-13 18:56:06,Cora,"tensor(1598, device='cuda:0')",2485,10138,1013.0,0.0,-0.09992108897218387,0.05648912116885185,0.0586584098637104,"tensor(1., device='cuda:0')",0.742,0.753
2025-01-13 18:56:08,Cora,"tensor(641, device='cuda:0')",2485,10138,1013.0,0.0,-0.09992108897218387,0.05713757872581482,0.05763065442442894,"tensor(1., device='cuda:0')",0.736,0.75
2025-01-13 18:56:09,Cora,"tensor(621, device='cuda:0')",2485,10138,1013.0,0.0,-0.09992108897218387,0.05958648398518562,0.05791306495666504,"tensor(-1., device='cuda:0')",0.742,0.752
2025-01-13 18:56:11,Cora,"tensor(1101, device='cuda:0')",2485,10138,1013.0,0.0,-0.09992108897218387,0.05908624082803726,0.05911938101053238,"tensor(1., device='cuda:0')",0.739,0.754
2025-01-13 18:56:12,Cora,"tensor(914, device='cuda:0')",2485,10138,1013.0,0.0,-0.09992108897218387,0.05671215057373047,0.05603410676121712,"tensor(-1., device='cuda:0')",0.739,0.755
2025-01-13 18:56:14,Cora,"tensor(1311, device='cuda:0')",2485,10138,1013.0,0.0,-0.09992108897218387,0.05787847191095352,0.056909333914518356,"tensor(-1., device='cuda:0')",0.738,0.751
2025-01-13 18:56:16,Cora,"tensor(2092, device='cuda:0')",2485,10138,1013.0,0.0,-0.09992108897218387,0.05689804628491402,0.056302644312381744,"tensor(-1., device='cuda:0')",0.742,0.752
2025-01-13 18:56:17,Cora,"tensor(2062, device='cuda:0')",2485,10138,1013.0,0.0,-0.09992108897218387,0.06023995950818062,0.05697280913591385,"tensor(-1.0000, device='cuda:0')",0.735,0.755
2025-01-13 18:56:19,Cora,"tensor(44, device='cuda:0')",2485,10138,1013.0,0.0,-0.09992108897218387,0.05721861124038696,0.05589646100997925,"tensor(-1., device='cuda:0')",0.738,0.756
2025-01-13 18:56:20,Cora,"tensor(937, device='cuda:0')",2485,10138,1013.0,0.0,-0.09992108897218387,0.057643260806798935,0.055140282958745956,"tensor(-1., device='cuda:0')",0.736,0.752
2025-01-13 18:56:22,Cora,"tensor(2462, device='cuda:0')",2485,10138,1013.0,0.0,-0.09992108897218387,0.06130041554570198,0.058289170265197754,"tensor(-1., device='cuda:0')",0.737,0.747
2025-01-13 18:56:24,Cora,"tensor(1883, device='cuda:0')",2485,10138,1013.0,0.0,-0.09992108897218387,0.057623375207185745,0.05661458522081375,"tensor(-1., device='cuda:0')",0.739,0.753
2025-01-13 18:56:25,Cora,"tensor(2050, device='cuda:0')",2485,10138,1013.0,0.0,-0.09992108897218387,0.05742569640278816,0.05412342771887779,"tensor(-1., device='cuda:0')",0.735,0.751
2025-01-13 18:56:27,Cora,"tensor(1591, device='cuda:0')",2485,10138,1013.0,0.0,-0.09992108897218387,0.0581527017056942,0.056777726858854294,"tensor(-1., device='cuda:0')",0.737,0.754
2025-01-13 18:56:28,Cora,"tensor(671, device='cuda:0')",2485,10138,1013.0,0.0,-0.09992108897218387,0.058416493237018585,0.056970592588186264,"tensor(-1., device='cuda:0')",0.735,0.752
2025-01-13 18:56:30,Cora,"tensor(1374, device='cuda:0')",2485,10138,1013.0,0.0,-0.09992108897218387,0.0569964237511158,0.05650956183671951,"tensor(-1., device='cuda:0')",0.741,0.755
2025-01-13 18:56:32,Cora,"tensor(2205, device='cuda:0')",2485,10138,1013.0,0.0,-0.09992108897218387,0.059071313589811325,0.056481242179870605,"tensor(-1., device='cuda:0')",0.739,0.753
2025-01-13 18:56:33,Cora,"tensor(1530, device='cuda:0')",2485,10138,1013.0,0.0,-0.09992108897218387,0.05889346823096275,0.0561613105237484,"tensor(-1., device='cuda:0')",0.735,0.752
2025-01-13 18:56:35,Cora,"tensor(1229, device='cuda:0')",2485,10138,1013.0,0.0,-0.09992108897218387,0.06010650470852852,0.058121342211961746,"tensor(-1., device='cuda:0')",0.739,0.753
2025-01-13 18:56:36,Cora,"tensor(2375, device='cuda:0')",2485,10138,1013.0,0.0,-0.09992108897218387,0.059238433837890625,0.056613147258758545,"tensor(-1., device='cuda:0')",0.74,0.749
2025-01-13 18:56:38,Cora,"tensor(286, device='cuda:0')",2485,10138,1013.0,0.0,-0.09992108897218387,0.05629871040582657,0.05666310340166092,"tensor(1., device='cuda:0')",0.736,0.747
2025-01-13 18:56:39,Cora,"tensor(2098, device='cuda:0')",2485,10138,1013.0,0.0,-0.09992108897218387,0.059531230479478836,0.05776561051607132,"tensor(-1., device='cuda:0')",0.738,0.755
2025-01-13 18:56:41,Cora,"tensor(247, device='cuda:0')",2485,10138,1013.0,0.0,-0.09992108897218387,0.057386066764593124,0.05694958567619324,"tensor(-1., device='cuda:0')",0.737,0.745
2025-01-13 18:56:43,Cora,"tensor(1323, device='cuda:0')",2485,10138,1013.0,0.0,-0.09992108897218387,0.058882441371679306,0.0561293326318264,"tensor(-1., device='cuda:0')",0.736,0.753
2025-01-13 18:56:44,Cora,"tensor(1686, device='cuda:0')",2485,10138,1013.0,0.0,-0.09992108897218387,0.05727687105536461,0.05750974640250206,"tensor(1.0000, device='cuda:0')",0.74,0.752
2025-01-13 18:56:46,Cora,"tensor(98, device='cuda:0')",2485,10138,1013.0,0.0,-0.09992108897218387,0.05967311933636665,0.059034328907728195,"tensor(-1., device='cuda:0')",0.739,0.752
2025-01-13 18:56:47,Cora,"tensor(1641, device='cuda:0')",2485,10138,1013.0,0.0,-0.09992108897218387,0.05922862887382507,0.05536909028887749,"tensor(-1., device='cuda:0')",0.744,0.755
2025-01-13 18:56:49,Cora,"tensor(2018, device='cuda:0')",2485,10138,1013.0,0.0,-0.09992108897218387,0.05749952793121338,0.05721545219421387,"tensor(-1., device='cuda:0')",0.744,0.752
2025-01-13 18:56:50,Cora,"tensor(1414, device='cuda:0')",2485,10138,1013.0,0.0,-0.09992108897218387,0.058927204459905624,0.05778205394744873,"tensor(-1., device='cuda:0')",0.734,0.751
2025-01-13 18:56:52,Cora,"tensor(1981, device='cuda:0')",2485,10138,1013.0,0.0,-0.09992108897218387,0.05807659029960632,0.05755807086825371,"tensor(-1., device='cuda:0')",0.739,0.756
2025-01-13 18:56:54,Cora,"tensor(310, device='cuda:0')",2485,10138,1013.0,0.0,-0.09992108897218387,0.05866923928260803,0.0552256777882576,"tensor(-1., device='cuda:0')",0.736,0.749
2025-01-13 18:56:55,Cora,"tensor(1609, device='cuda:0')",2485,10138,1013.0,0.0,-0.09992108897218387,0.05808105692267418,0.05584074184298515,"tensor(-1., device='cuda:0')",0.738,0.754
2025-01-13 18:56:57,Cora,"tensor(1560, device='cuda:0')",2485,10138,1013.0,0.0,-0.09992108897218387,0.05990758165717125,0.0565364733338356,"tensor(-1.0000, device='cuda:0')",0.74,0.754
2025-01-13 18:56:58,Cora,"tensor(595, device='cuda:0')",2485,10138,1013.0,0.0,-0.09992108897218387,0.058094512671232224,0.05545259267091751,"tensor(-1., device='cuda:0')",0.742,0.753
2025-01-13 18:57:00,Cora,"tensor(2021, device='cuda:0')",2485,10138,1013.0,0.0,-0.09992108897218387,0.05964222177863121,0.05704527720808983,"tensor(-1., device='cuda:0')",0.739,0.749
2025-01-13 18:57:01,Cora,"tensor(2017, device='cuda:0')",2485,10138,1013.0,0.0,-0.09992108897218387,0.05982818827033043,0.05857264995574951,"tensor(-1., device='cuda:0')",0.741,0.754
2025-01-13 18:57:03,Cora,"tensor(547, device='cuda:0')",2485,10138,1013.0,0.0,-0.09992108897218387,0.05839000269770622,0.05715590715408325,"tensor(-1., device='cuda:0')",0.738,0.752
2025-01-13 18:57:05,Cora,"tensor(332, device='cuda:0')",2485,10138,1013.0,0.0,-0.09992108897218387,0.057388048619031906,0.0570196770131588,"tensor(-1., device='cuda:0')",0.736,0.753
2025-01-13 18:57:06,Cora,"tensor(1326, device='cuda:0')",2485,10138,1013.0,0.0,-0.09992108897218387,0.056374408304691315,0.05401774123311043,"tensor(-1., device='cuda:0')",0.739,0.751
2025-01-13 18:57:08,Cora,"tensor(2438, device='cuda:0')",2485,10138,1013.0,0.0,-0.09992108897218387,0.05743231996893883,0.05297575145959854,"tensor(-1., device='cuda:0')",0.738,0.749
2025-01-13 18:57:09,Cora,"tensor(870, device='cuda:0')",2485,10138,1013.0,0.0,-0.09992108897218387,0.05968143418431282,0.057684071362018585,"tensor(-1., device='cuda:0')",0.737,0.755
2025-01-13 18:57:11,Cora,"tensor(97, device='cuda:0')",2485,10138,1013.0,0.0,-0.09992108897218387,0.05747995525598526,0.055510807782411575,"tensor(-1., device='cuda:0')",0.739,0.751
2025-01-13 18:57:13,Cora,"tensor(2358, device='cuda:0')",2485,10138,1013.0,0.0,-0.09992108897218387,0.058172859251499176,0.055582720786333084,"tensor(-1., device='cuda:0')",0.737,0.753
2025-01-13 18:57:14,Cora,"tensor(400, device='cuda:0')",2485,10138,1013.0,0.0,-0.09992108897218387,0.057414621114730835,0.057893604040145874,"tensor(1., device='cuda:0')",0.741,0.749
2025-01-13 18:57:16,Cora,"tensor(1126, device='cuda:0')",2485,10138,1013.0,0.0,-0.09992108897218387,0.05886996537446976,0.056417930871248245,"tensor(-1., device='cuda:0')",0.74,0.752
2025-01-13 18:57:17,Cora,"tensor(1320, device='cuda:0')",2485,10138,1013.0,0.0,-0.09992108897218387,0.0615626759827137,0.058464791625738144,"tensor(-1.0000, device='cuda:0')",0.74,0.75
2025-01-13 18:57:19,Cora,"tensor(815, device='cuda:0')",2485,10138,1013.0,0.0,-0.09992108897218387,0.058219220489263535,0.05720314383506775,"tensor(-1., device='cuda:0')",0.734,0.754
2025-01-13 18:57:20,Cora,"tensor(1350, device='cuda:0')",2485,10138,1013.0,0.0,-0.09992108897218387,0.059615589678287506,0.05740457773208618,"tensor(-1., device='cuda:0')",0.741,0.751
2025-01-13 18:57:22,Cora,"tensor(7, device='cuda:0')",2485,10138,1013.0,0.0,-0.09992108897218387,0.05745607241988182,0.05632495880126953,"tensor(-1., device='cuda:0')",0.745,0.747
2025-01-13 18:57:24,Cora,"tensor(1871, device='cuda:0')",2485,10138,1013.0,0.0,-0.09992108897218387,0.056927669793367386,0.056492146104574203,"tensor(-1., device='cuda:0')",0.734,0.754
2025-01-13 18:57:25,Cora,"tensor(1985, device='cuda:0')",2485,10138,1013.0,0.0,-0.09992108897218387,0.060139935463666916,0.0585913322865963,"tensor(-1., device='cuda:0')",0.738,0.748
2025-01-13 18:57:27,Cora,"tensor(200, device='cuda:0')",2485,10138,1013.0,0.0,-0.09992108897218387,0.05746731907129288,0.05802289396524429,"tensor(1., device='cuda:0')",0.738,0.752
2025-01-13 18:57:28,Cora,"tensor(1542, device='cuda:0')",2485,10138,1013.0,0.0,-0.09992108897218387,0.05684257671236992,0.05718887969851494,"tensor(1., device='cuda:0')",0.742,0.752
2025-01-13 18:57:30,Cora,"tensor(1464, device='cuda:0')",2485,10138,1013.0,0.0,-0.09992108897218387,0.057766109704971313,0.05878886207938194,"tensor(1., device='cuda:0')",0.743,0.753
2025-01-13 18:57:32,Cora,"tensor(105, device='cuda:0')",2485,10138,1013.0,0.0,-0.09992108897218387,0.059802260249853134,0.05701446533203125,"tensor(-1., device='cuda:0')",0.742,0.754
2025-01-13 18:57:33,Cora,"tensor(1105, device='cuda:0')",2485,10138,1013.0,0.0,-0.09992108897218387,0.05607688054442406,0.05613809823989868,"tensor(1., device='cuda:0')",0.74,0.748
2025-01-13 18:57:35,Cora,"tensor(1211, device='cuda:0')",2485,10138,1013.0,0.0,-0.09992108897218387,0.06056135892868042,0.057023145258426666,"tensor(-1.0000, device='cuda:0')",0.739,0.75
2025-01-13 18:57:36,Cora,"tensor(1615, device='cuda:0')",2485,10138,1013.0,0.0,-0.09992108897218387,0.05879942700266838,0.055446721613407135,"tensor(-1., device='cuda:0')",0.738,0.751
2025-01-13 18:57:38,Cora,"tensor(1003, device='cuda:0')",2485,10138,1013.0,0.0,-0.09992108897218387,0.05844155699014664,0.05595066770911217,"tensor(-1., device='cuda:0')",0.735,0.752
2025-01-13 18:57:39,Cora,"tensor(1237, device='cuda:0')",2485,10138,1013.0,0.0,-0.09992108897218387,0.05718250200152397,0.054892648011446,"tensor(-1., device='cuda:0')",0.735,0.754
2025-01-13 18:57:41,Cora,"tensor(436, device='cuda:0')",2485,10138,1013.0,0.0,-0.09992108897218387,0.05901997163891792,0.057878315448760986,"tensor(-1., device='cuda:0')",0.738,0.751
2025-01-13 18:57:43,Cora,"tensor(228, device='cuda:0')",2485,10138,1013.0,0.0,-0.09992108897218387,0.05951979383826256,0.05801498889923096,"tensor(-1., device='cuda:0')",0.734,0.752
2025-01-13 18:57:44,Cora,"tensor(2087, device='cuda:0')",2485,10138,1013.0,0.0,-0.09992108897218387,0.06006608158349991,0.05650363489985466,"tensor(-1., device='cuda:0')",0.734,0.748
2025-01-13 18:57:46,Cora,"tensor(1301, device='cuda:0')",2485,10138,1013.0,0.0,-0.09992108897218387,0.057813145220279694,0.056151073426008224,"tensor(-1., device='cuda:0')",0.738,0.747
2025-01-13 18:57:47,Cora,"tensor(1393, device='cuda:0')",2485,10138,1013.0,0.0,-0.09992108897218387,0.05648961290717125,0.05510348081588745,"tensor(-1., device='cuda:0')",0.739,0.756
2025-01-13 18:57:49,Cora,"tensor(2364, device='cuda:0')",2485,10138,1013.0,0.0,-0.09992108897218387,0.0590314157307148,0.05674382671713829,"tensor(-1., device='cuda:0')",0.735,0.745
2025-01-13 18:57:50,Cora,"tensor(1948, device='cuda:0')",2485,10138,1013.0,0.0,-0.09992108897218387,0.06050879508256912,0.056886423379182816,"tensor(-1., device='cuda:0')",0.736,0.747
2025-01-13 18:57:52,Cora,"tensor(1809, device='cuda:0')",2485,10138,1013.0,0.0,-0.09992108897218387,0.057057786732912064,0.05649386718869209,"tensor(-1., device='cuda:0')",0.737,0.755
2025-01-13 18:57:54,Cora,"tensor(543, device='cuda:0')",2485,10138,1013.0,0.0,-0.09992108897218387,0.060324180871248245,0.057024456560611725,"tensor(-1., device='cuda:0')",0.741,0.752
2025-01-13 18:57:55,Cora,"tensor(192, device='cuda:0')",2485,10138,1013.0,0.0,-0.09992108897218387,0.05792808532714844,0.05678359419107437,"tensor(-1.0000, device='cuda:0')",0.738,0.753
2025-01-13 18:57:57,Cora,"tensor(682, device='cuda:0')",2485,10138,1013.0,0.0,-0.09992108897218387,0.05914199352264404,0.05719822645187378,"tensor(-1.0000, device='cuda:0')",0.737,0.748
2025-01-13 18:57:58,Cora,"tensor(291, device='cuda:0')",2485,10138,1013.0,0.0,-0.09992108897218387,0.058459896594285965,0.055764585733413696,"tensor(-1., device='cuda:0')",0.736,0.751
2025-01-13 18:58:00,Cora,"tensor(1732, device='cuda:0')",2485,10138,1013.0,0.0,-0.09992108897218387,0.05801950767636299,0.05849907547235489,"tensor(1., device='cuda:0')",0.739,0.752
2025-01-13 18:58:02,Cora,"tensor(19, device='cuda:0')",2485,10138,1013.0,0.0,-0.09992108897218387,0.05920243263244629,0.057257335633039474,"tensor(-1.0000, device='cuda:0')",0.74,0.753
2025-01-13 18:58:03,Cora,"tensor(499, device='cuda:0')",2485,10138,1013.0,0.0,-0.09992108897218387,0.05682442709803581,0.05794377252459526,"tensor(1., device='cuda:0')",0.741,0.747
2025-01-13 18:58:05,Cora,"tensor(1271, device='cuda:0')",2485,10138,1013.0,0.0,-0.09992108897218387,0.05924857780337334,0.05604810267686844,"tensor(-1., device='cuda:0')",0.736,0.753
2025-01-13 18:58:06,Cora,"tensor(456, device='cuda:0')",2485,10138,1013.0,0.0,-0.09992108897218387,0.059405501931905746,0.05817961320281029,"tensor(-1., device='cuda:0')",0.74,0.75
2025-01-13 18:58:08,Cora,"tensor(270, device='cuda:0')",2485,10138,1013.0,0.0,-0.09992108897218387,0.057028502225875854,0.05662471055984497,"tensor(-1., device='cuda:0')",0.738,0.753
2025-01-13 18:58:10,Cora,"tensor(1494, device='cuda:0')",2485,10138,1013.0,0.0,-0.09992108897218387,0.060944534838199615,0.056581050157547,"tensor(-1., device='cuda:0')",0.737,0.752
2025-01-13 18:58:11,Cora,"tensor(1200, device='cuda:0')",2485,10138,1013.0,0.0,-0.09992108897218387,0.05924004316329956,0.057632625102996826,"tensor(-1., device='cuda:0')",0.742,0.746
2025-01-13 18:58:13,Cora,"tensor(648, device='cuda:0')",2485,10138,1013.0,0.0,-0.09992108897218387,0.05907198414206505,0.057428956031799316,"tensor(-1., device='cuda:0')",0.74,0.753
2025-01-13 18:58:15,Cora,"tensor(830, device='cuda:0')",2485,10138,1013.0,0.0,-0.09992108897218387,0.05735034868121147,0.05411428213119507,"tensor(-1.0000, device='cuda:0')",0.74,0.757
2025-01-13 18:58:16,Cora,"tensor(1661, device='cuda:0')",2485,10138,1013.0,0.0,-0.09992108897218387,0.05764616280794144,0.05549231171607971,"tensor(-1., device='cuda:0')",0.738,0.753
2025-01-13 18:58:18,Cora,"tensor(92, device='cuda:0')",2485,10138,1013.0,0.0,-0.09992108897218387,0.05758475884795189,0.05802619084715843,"tensor(1.0000, device='cuda:0')",0.737,0.75
2025-01-13 18:58:19,Cora,"tensor(359, device='cuda:0')",2485,10138,1013.0,0.0,-0.09992108897218387,0.05740610510110855,0.05550665408372879,"tensor(-1., device='cuda:0')",0.741,0.753
2025-01-13 18:58:21,Cora,"tensor(1018, device='cuda:0')",2485,10138,1013.0,0.0,-0.09992108897218387,0.05910694599151611,0.06001315638422966,"tensor(1.0000, device='cuda:0')",0.742,0.751
2025-01-13 18:58:23,Cora,"tensor(735, device='cuda:0')",2485,10138,1013.0,0.0,-0.09992108897218387,0.05770442634820938,0.0573514960706234,"tensor(-1., device='cuda:0')",0.738,0.748
2025-01-13 18:58:24,Cora,"tensor(1769, device='cuda:0')",2485,10138,1013.0,0.0,-0.09992108897218387,0.05907401069998741,0.05751044303178787,"tensor(-1., device='cuda:0')",0.74,0.75
2025-01-13 18:58:26,Cora,"tensor(316, device='cuda:0')",2485,10138,1013.0,0.0,-0.09992108897218387,0.0578027181327343,0.055663060396909714,"tensor(-1., device='cuda:0')",0.741,0.749
2025-01-13 18:58:27,Cora,"tensor(771, device='cuda:0')",2485,10138,1013.0,0.0,-0.09992108897218387,0.05750853940844536,0.05567467212677002,"tensor(-1., device='cuda:0')",0.736,0.752
2025-01-13 18:58:29,Cora,"tensor(713, device='cuda:0')",2485,10138,1013.0,0.0,-0.09992108897218387,0.05842861160635948,0.057879287749528885,"tensor(-1., device='cuda:0')",0.74,0.745
2025-01-13 18:58:31,Cora,"tensor(704, device='cuda:0')",2485,10138,1013.0,0.0,-0.09992108897218387,0.05932207033038139,0.05725061893463135,"tensor(-1., device='cuda:0')",0.737,0.751
2025-01-13 18:58:32,Cora,"tensor(737, device='cuda:0')",2485,10138,1013.0,0.0,-0.09992108897218387,0.05839071422815323,0.05654376745223999,"tensor(-1., device='cuda:0')",0.74,0.753
2025-01-13 18:58:34,Cora,"tensor(1090, device='cuda:0')",2485,10138,1013.0,0.0,-0.09992108897218387,0.05774254724383354,0.05718572810292244,"tensor(-1., device='cuda:0')",0.741,0.749
2025-01-13 18:58:35,Cora,"tensor(1555, device='cuda:0')",2485,10138,1013.0,0.0,-0.09992108897218387,0.060374677181243896,0.06105692312121391,"tensor(1., device='cuda:0')",0.741,0.75
2025-01-13 18:58:37,Cora,"tensor(677, device='cuda:0')",2485,10138,1013.0,0.0,-0.09992108897218387,0.059759337455034256,0.05838580057024956,"tensor(-1., device='cuda:0')",0.735,0.75
2025-01-13 18:58:39,Cora,"tensor(1440, device='cuda:0')",2485,10138,1013.0,0.0,-0.09992108897218387,0.057625662535429,0.05651136115193367,"tensor(-1., device='cuda:0')",0.74,0.755
2025-01-13 18:58:40,Cora,"tensor(1797, device='cuda:0')",2485,10138,1013.0,0.0,-0.09992108897218387,0.058496203273534775,0.0573076494038105,"tensor(-1., device='cuda:0')",0.737,0.751
2025-01-13 18:58:42,Cora,"tensor(698, device='cuda:0')",2485,10138,1013.0,0.0,-0.09992108897218387,0.05864564701914787,0.05680661275982857,"tensor(-1., device='cuda:0')",0.739,0.751
2025-01-13 18:58:43,Cora,"tensor(1132, device='cuda:0')",2485,10138,1013.0,0.0,-0.09992108897218387,0.05803718790411949,0.056111883372068405,"tensor(-1., device='cuda:0')",0.74,0.751
2025-01-13 18:58:45,Cora,"tensor(229, device='cuda:0')",2485,10138,1013.0,0.0,-0.09992108897218387,0.059112366288900375,0.05852594971656799,"tensor(-1., device='cuda:0')",0.738,0.751
2025-01-13 18:58:46,Cora,"tensor(893, device='cuda:0')",2485,10138,1013.0,0.0,-0.09992108897218387,0.06149089336395264,0.05786710977554321,"tensor(-1., device='cuda:0')",0.735,0.75
2025-01-13 18:58:48,Cora,"tensor(1907, device='cuda:0')",2485,10138,1013.0,0.0,-0.09992108897218387,0.05806753784418106,0.05760527774691582,"tensor(-1.0000, device='cuda:0')",0.736,0.749
2025-01-13 18:58:50,Cora,"tensor(522, device='cuda:0')",2485,10138,1013.0,0.0,-0.09992108897218387,0.059676315635442734,0.05694400891661644,"tensor(-1., device='cuda:0')",0.737,0.748
2025-01-13 18:58:51,Cora,"tensor(2320, device='cuda:0')",2485,10138,1013.0,0.0,-0.09992108897218387,0.061646927148103714,0.05864722654223442,"tensor(-1., device='cuda:0')",0.738,0.751
2025-01-13 18:58:53,Cora,"tensor(1134, device='cuda:0')",2485,10138,1013.0,0.0,-0.09992108897218387,0.059242814779281616,0.05767340213060379,"tensor(-1.0000, device='cuda:0')",0.735,0.754
2025-01-13 18:58:54,Cora,"tensor(1820, device='cuda:0')",2485,10138,1013.0,0.0,-0.09992108897218387,0.05881507322192192,0.05685553699731827,"tensor(-1., device='cuda:0')",0.738,0.752
2025-01-13 18:58:56,Cora,"tensor(856, device='cuda:0')",2485,10138,1013.0,0.0,-0.09992108897218387,0.05650777369737625,0.058341413736343384,"tensor(1.0000, device='cuda:0')",0.743,0.748
2025-01-13 18:58:58,Cora,"tensor(2093, device='cuda:0')",2485,10138,1013.0,0.0,-0.09992108897218387,0.05914488062262535,0.05860418081283569,"tensor(-1., device='cuda:0')",0.736,0.75
2025-01-13 18:58:59,Cora,"tensor(1714, device='cuda:0')",2485,10138,1013.0,0.0,-0.09992108897218387,0.05792984366416931,0.05614966154098511,"tensor(-1., device='cuda:0')",0.737,0.751
2025-01-13 18:59:01,Cora,"tensor(1357, device='cuda:0')",2485,10138,1013.0,0.0,-0.09992108897218387,0.05659661442041397,0.05721709132194519,"tensor(1., device='cuda:0')",0.741,0.752
2025-01-13 18:59:02,Cora,"tensor(762, device='cuda:0')",2485,10138,1013.0,0.0,-0.09992108897218387,0.05808005854487419,0.057407718151807785,"tensor(-1.0000, device='cuda:0')",0.733,0.753
2025-01-13 18:59:04,Cora,"tensor(2088, device='cuda:0')",2485,10138,1013.0,0.0,-0.09992108897218387,0.057361334562301636,0.05462486669421196,"tensor(-1.0000, device='cuda:0')",0.737,0.753
2025-01-13 18:59:06,Cora,"tensor(1089, device='cuda:0')",2485,10138,1013.0,0.0,-0.09992108897218387,0.05661773309111595,0.05737007409334183,"tensor(1.0000, device='cuda:0')",0.738,0.752
2025-01-13 18:59:07,Cora,"tensor(2448, device='cuda:0')",2485,10138,1013.0,0.0,-0.09992108897218387,0.05805906653404236,0.05573892593383789,"tensor(-1., device='cuda:0')",0.741,0.753
2025-01-13 18:59:09,Cora,"tensor(2101, device='cuda:0')",2485,10138,1013.0,0.0,-0.09992108897218387,0.058141808956861496,0.0551728792488575,"tensor(-1., device='cuda:0')",0.737,0.752
2025-01-13 18:59:10,Cora,"tensor(2390, device='cuda:0')",2485,10138,1013.0,0.0,-0.09992108897218387,0.05744463950395584,0.05673086643218994,"tensor(-1., device='cuda:0')",0.736,0.752
2025-01-13 18:59:12,Cora,"tensor(2279, device='cuda:0')",2485,10138,1013.0,0.0,-0.09992108897218387,0.05626093968749046,0.05438638851046562,"tensor(-1., device='cuda:0')",0.745,0.75
2025-01-13 18:59:14,Cora,"tensor(1293, device='cuda:0')",2485,10138,1013.0,0.0,-0.09992108897218387,0.058758508414030075,0.05845116451382637,"tensor(-1., device='cuda:0')",0.74,0.755
2025-01-13 18:59:15,Cora,"tensor(620, device='cuda:0')",2485,10138,1013.0,0.0,-0.09992108897218387,0.06037328392267227,0.05816442891955376,"tensor(-1., device='cuda:0')",0.742,0.753
2025-01-13 18:59:17,Cora,"tensor(1692, device='cuda:0')",2485,10138,1013.0,0.0,-0.09992108897218387,0.05663130804896355,0.054840922355651855,"tensor(-1., device='cuda:0')",0.737,0.742
2025-01-13 18:59:18,Cora,"tensor(2245, device='cuda:0')",2485,10138,1013.0,0.0,-0.09992108897218387,0.057281237095594406,0.05584193021059036,"tensor(-1., device='cuda:0')",0.737,0.756
2025-01-13 18:59:20,Cora,"tensor(1469, device='cuda:0')",2485,10138,1013.0,0.0,-0.09992108897218387,0.05771225690841675,0.055561065673828125,"tensor(-1.0000, device='cuda:0')",0.739,0.752
2025-01-13 18:59:22,Cora,"tensor(603, device='cuda:0')",2485,10138,1013.0,0.0,-0.09992108897218387,0.06044744327664375,0.059313949197530746,"tensor(-1.0000, device='cuda:0')",0.74,0.747
2025-01-13 18:59:23,Cora,"tensor(1309, device='cuda:0')",2485,10138,1013.0,0.0,-0.09992108897218387,0.05761382728815079,0.058993734419345856,"tensor(1., device='cuda:0')",0.74,0.754
2025-01-13 18:59:25,Cora,"tensor(406, device='cuda:0')",2485,10138,1013.0,0.0,-0.09992108897218387,0.05964827165007591,0.058203279972076416,"tensor(-1., device='cuda:0')",0.736,0.751
2025-01-13 18:59:26,Cora,"tensor(2326, device='cuda:0')",2485,10138,1013.0,0.0,-0.09992108897218387,0.06026402860879898,0.05664187669754028,"tensor(-1., device='cuda:0')",0.738,0.75
2025-01-13 18:59:28,Cora,"tensor(530, device='cuda:0')",2485,10138,1013.0,0.0,-0.09992108897218387,0.06052501127123833,0.058179762214422226,"tensor(-1., device='cuda:0')",0.74,0.746
2025-01-13 18:59:29,Cora,"tensor(433, device='cuda:0')",2485,10138,1013.0,0.0,-0.09992108897218387,0.05791928246617317,0.05747019872069359,"tensor(-1., device='cuda:0')",0.736,0.753
2025-01-13 18:59:31,Cora,"tensor(1990, device='cuda:0')",2485,10138,1013.0,0.0,-0.09992108897218387,0.059075452387332916,0.057887423783540726,"tensor(-1., device='cuda:0')",0.74,0.751
2025-01-13 18:59:33,Cora,"tensor(1695, device='cuda:0')",2485,10138,1013.0,0.0,-0.09992108897218387,0.057569921016693115,0.05654621869325638,"tensor(-1., device='cuda:0')",0.74,0.748
2025-01-13 18:59:34,Cora,"tensor(206, device='cuda:0')",2485,10138,1013.0,0.0,-0.09992108897218387,0.06082957983016968,0.05783001333475113,"tensor(-1., device='cuda:0')",0.743,0.752
2025-01-13 18:59:36,Cora,"tensor(571, device='cuda:0')",2485,10138,1013.0,0.0,-0.09992108897218387,0.05901879817247391,0.05662050470709801,"tensor(-1., device='cuda:0')",0.737,0.746
2025-01-13 18:59:37,Cora,"tensor(2223, device='cuda:0')",2485,10138,1013.0,0.0,-0.09992108897218387,0.05918372794985771,0.0559767484664917,"tensor(-1., device='cuda:0')",0.741,0.754
2025-01-13 18:59:39,Cora,"tensor(429, device='cuda:0')",2485,10138,1013.0,0.0,-0.09992108897218387,0.06069934368133545,0.058835919946432114,"tensor(-1., device='cuda:0')",0.743,0.753
2025-01-13 18:59:41,Cora,"tensor(2240, device='cuda:0')",2485,10138,1013.0,0.0,-0.09992108897218387,0.05778457596898079,0.057961251586675644,"tensor(1., device='cuda:0')",0.738,0.746
2025-01-13 18:59:42,Cora,"tensor(553, device='cuda:0')",2485,10138,1013.0,0.0,-0.09992108897218387,0.0576808825135231,0.05652409791946411,"tensor(-1.0000, device='cuda:0')",0.736,0.745
2025-01-13 18:59:44,Cora,"tensor(1344, device='cuda:0')",2485,10138,1013.0,0.0,-0.09992108897218387,0.05707339569926262,0.0569598451256752,"tensor(-1., device='cuda:0')",0.737,0.753
2025-01-13 18:59:45,Cora,"tensor(1603, device='cuda:0')",2485,10138,1013.0,0.0,-0.09992108897218387,0.058255769312381744,0.05696666240692139,"tensor(-1., device='cuda:0')",0.74,0.753
2025-01-13 18:59:47,Cora,"tensor(616, device='cuda:0')",2485,10138,1013.0,0.0,-0.09992108897218387,0.060143422335386276,0.055631037801504135,"tensor(-1., device='cuda:0')",0.737,0.752
2025-01-13 18:59:48,Cora,"tensor(618, device='cuda:0')",2485,10138,1013.0,0.0,-0.09992108897218387,0.06063922867178917,0.05674957111477852,"tensor(-1., device='cuda:0')",0.742,0.754
2025-01-13 18:59:50,Cora,"tensor(1274, device='cuda:0')",2485,10138,1013.0,0.0,-0.09992108897218387,0.06014415621757507,0.05785457417368889,"tensor(-1., device='cuda:0')",0.737,0.752
2025-01-13 18:59:52,Cora,"tensor(1336, device='cuda:0')",2485,10138,1013.0,0.0,-0.09992108897218387,0.05808121711015701,0.05782514810562134,"tensor(-1., device='cuda:0')",0.736,0.749
2025-01-13 18:59:53,Cora,"tensor(1564, device='cuda:0')",2485,10138,1013.0,0.0,-0.09992108897218387,0.05856747552752495,0.05633729323744774,"tensor(-1., device='cuda:0')",0.739,0.756
2025-01-13 18:59:55,Cora,"tensor(227, device='cuda:0')",2485,10138,1013.0,0.0,-0.09992108897218387,0.05717725679278374,0.0584053099155426,"tensor(1.0000, device='cuda:0')",0.74,0.754
2025-01-13 18:59:56,Cora,"tensor(2399, device='cuda:0')",2485,10138,1013.0,0.0,-0.09992108897218387,0.06067591905593872,0.058309923857450485,"tensor(-1., device='cuda:0')",0.737,0.75
2025-01-13 18:59:58,Cora,"tensor(970, device='cuda:0')",2485,10138,1013.0,0.0,-0.09992108897218387,0.06119278818368912,0.0565776489675045,"tensor(-1., device='cuda:0')",0.737,0.748
2025-01-13 19:00:00,Cora,"tensor(274, device='cuda:0')",2485,10138,1013.0,0.0,-0.09992108897218387,0.05922946333885193,0.05930687114596367,"tensor(1., device='cuda:0')",0.739,0.749
2025-01-13 19:00:01,Cora,"tensor(2319, device='cuda:0')",2485,10138,1013.0,0.0,-0.09992108897218387,0.05818839743733406,0.05640983209013939,"tensor(-1., device='cuda:0')",0.737,0.753
2025-01-13 19:00:03,Cora,"tensor(782, device='cuda:0')",2485,10138,1013.0,0.0,-0.09992108897218387,0.05809818580746651,0.05759236961603165,"tensor(-1., device='cuda:0')",0.74,0.746
2025-01-13 19:00:04,Cora,"tensor(219, device='cuda:0')",2485,10138,1013.0,0.0,-0.09992108897218387,0.05703303962945938,0.05755111202597618,"tensor(1., device='cuda:0')",0.738,0.755
2025-01-13 19:00:06,Cora,"tensor(2447, device='cuda:0')",2485,10138,1013.0,0.0,-0.09992108897218387,0.05812227725982666,0.05753948912024498,"tensor(-1., device='cuda:0')",0.74,0.751
2025-01-13 19:00:07,Cora,"tensor(1787, device='cuda:0')",2485,10138,1013.0,0.0,-0.09992108897218387,0.05714826658368111,0.05495328828692436,"tensor(-1., device='cuda:0')",0.733,0.749
2025-01-13 19:00:09,Cora,"tensor(1438, device='cuda:0')",2485,10138,1013.0,0.0,-0.09992108897218387,0.05869290232658386,0.056674301624298096,"tensor(-1., device='cuda:0')",0.743,0.745
2025-01-13 19:00:11,Cora,"tensor(441, device='cuda:0')",2485,10138,1013.0,0.0,-0.09992108897218387,0.05845076963305473,0.055948179215192795,"tensor(-1., device='cuda:0')",0.736,0.75
2025-01-13 19:00:12,Cora,"tensor(415, device='cuda:0')",2485,10138,1013.0,0.0,-0.09992108897218387,0.05782671645283699,0.05680233985185623,"tensor(-1., device='cuda:0')",0.735,0.753
2025-01-13 19:00:14,Cora,"tensor(1846, device='cuda:0')",2485,10138,1013.0,0.0,-0.09992108897218387,0.05985600873827934,0.056904613971710205,"tensor(-1., device='cuda:0')",0.737,0.751
2025-01-13 19:00:15,Cora,"tensor(1539, device='cuda:0')",2485,10138,1013.0,0.0,-0.09992108897218387,0.05677191540598869,0.05655642971396446,"tensor(-1.0000, device='cuda:0')",0.74,0.752
2025-01-13 19:00:17,Cora,"tensor(1930, device='cuda:0')",2485,10138,1013.0,0.0,-0.09992108897218387,0.05985909700393677,0.05608725547790527,"tensor(-1., device='cuda:0')",0.741,0.754
2025-01-13 19:00:18,Cora,"tensor(2213, device='cuda:0')",2485,10138,1013.0,0.0,-0.09992108897218387,0.057896118611097336,0.05807894095778465,"tensor(1., device='cuda:0')",0.738,0.754
2025-01-13 19:00:20,Cora,"tensor(2059, device='cuda:0')",2485,10138,1013.0,0.0,-0.09992108897218387,0.058850210160017014,0.05576198175549507,"tensor(-1., device='cuda:0')",0.737,0.752
2025-01-13 19:00:22,Cora,"tensor(1664, device='cuda:0')",2485,10138,1013.0,0.0,-0.09992108897218387,0.057556867599487305,0.05486009642481804,"tensor(-1., device='cuda:0')",0.742,0.751
2025-01-13 19:00:23,Cora,"tensor(451, device='cuda:0')",2485,10138,1013.0,0.0,-0.09992108897218387,0.059069473296403885,0.05607927590608597,"tensor(-1., device='cuda:0')",0.738,0.751
2025-01-13 19:00:25,Cora,"tensor(1275, device='cuda:0')",2485,10138,1013.0,0.0,-0.09992108897218387,0.057425688952207565,0.056100666522979736,"tensor(-1., device='cuda:0')",0.739,0.755
2025-01-13 19:00:26,Cora,"tensor(203, device='cuda:0')",2485,10138,1013.0,0.0,-0.09992108897218387,0.05714484676718712,0.05479872226715088,"tensor(-1., device='cuda:0')",0.738,0.751
2025-01-13 19:00:28,Cora,"tensor(749, device='cuda:0')",2485,10138,1013.0,0.0,-0.09992108897218387,0.058189939707517624,0.05584394931793213,"tensor(-1., device='cuda:0')",0.737,0.754
2025-01-13 19:00:29,Cora,"tensor(2246, device='cuda:0')",2485,10138,1013.0,0.0,-0.09992108897218387,0.06007871776819229,0.058840878307819366,"tensor(-1., device='cuda:0')",0.736,0.753
2025-01-13 19:00:31,Cora,"tensor(1837, device='cuda:0')",2485,10138,1013.0,0.0,-0.09992108897218387,0.05716119334101677,0.05598083883523941,"tensor(-1., device='cuda:0')",0.736,0.753
2025-01-13 19:00:33,Cora,"tensor(1567, device='cuda:0')",2485,10138,1013.0,0.0,-0.09992108897218387,0.059542763978242874,0.058598656207323074,"tensor(-1., device='cuda:0')",0.741,0.751
2025-01-13 19:00:34,Cora,"tensor(801, device='cuda:0')",2485,10138,1013.0,0.0,-0.09992108897218387,0.05934465676546097,0.05756145715713501,"tensor(-1., device='cuda:0')",0.734,0.753
2025-01-13 19:00:36,Cora,"tensor(2263, device='cuda:0')",2485,10138,1013.0,0.0,-0.09992108897218387,0.05834190174937248,0.05711236223578453,"tensor(-1., device='cuda:0')",0.74,0.753
2025-01-13 19:00:37,Cora,"tensor(137, device='cuda:0')",2485,10138,1013.0,0.0,-0.09992108897218387,0.057532694190740585,0.0557425282895565,"tensor(-1.0000, device='cuda:0')",0.733,0.749
2025-01-13 19:00:39,Cora,"tensor(1659, device='cuda:0')",2485,10138,1013.0,0.0,-0.09992108897218387,0.057434022426605225,0.05878893658518791,"tensor(1., device='cuda:0')",0.739,0.755
2025-01-13 19:00:41,Cora,"tensor(601, device='cuda:0')",2485,10138,1013.0,0.0,-0.09992108897218387,0.06095515564084053,0.057976968586444855,"tensor(-1., device='cuda:0')",0.736,0.753
2025-01-13 19:00:42,Cora,"tensor(904, device='cuda:0')",2485,10138,1013.0,0.0,-0.09992108897218387,0.05841503292322159,0.05640871450304985,"tensor(-1., device='cuda:0')",0.739,0.752
2025-01-13 19:00:44,Cora,"tensor(1550, device='cuda:0')",2485,10138,1013.0,0.0,-0.09992108897218387,0.058140307664871216,0.05661396309733391,"tensor(-1.0000, device='cuda:0')",0.738,0.752
2025-01-13 19:00:45,Cora,"tensor(1504, device='cuda:0')",2485,10138,1013.0,0.0,-0.09992108897218387,0.060315441340208054,0.058415818959474564,"tensor(-1., device='cuda:0')",0.736,0.752
2025-01-13 19:00:47,Cora,"tensor(1180, device='cuda:0')",2485,10138,1013.0,0.0,-0.09992108897218387,0.059629399329423904,0.056220997124910355,"tensor(-1., device='cuda:0')",0.738,0.755
2025-01-13 19:00:48,Cora,"tensor(2144, device='cuda:0')",2485,10138,1013.0,0.0,-0.09992108897218387,0.05875781923532486,0.0568377859890461,"tensor(-1., device='cuda:0')",0.738,0.756
2025-01-13 19:00:50,Cora,"tensor(1307, device='cuda:0')",2485,10138,1013.0,0.0,-0.09992108897218387,0.05920445919036865,0.05711546540260315,"tensor(-1., device='cuda:0')",0.738,0.753
2025-01-13 19:00:51,Cora,"tensor(1173, device='cuda:0')",2485,10138,1013.0,0.0,-0.09992108897218387,0.05750309303402901,0.05500999093055725,"tensor(-1., device='cuda:0')",0.743,0.752
2025-01-13 19:00:53,Cora,"tensor(617, device='cuda:0')",2485,10138,1013.0,0.0,-0.09992108897218387,0.05782755836844444,0.05442310497164726,"tensor(-1., device='cuda:0')",0.739,0.753
2025-01-13 19:00:55,Cora,"tensor(172, device='cuda:0')",2485,10138,1013.0,0.0,-0.09992108897218387,0.05927136167883873,0.05792120099067688,"tensor(-1., device='cuda:0')",0.741,0.753
2025-01-13 19:00:56,Cora,"tensor(1232, device='cuda:0')",2485,10138,1013.0,0.0,-0.09992108897218387,0.061083514243364334,0.05859775096178055,"tensor(-1., device='cuda:0')",0.738,0.744
2025-01-13 19:00:58,Cora,"tensor(168, device='cuda:0')",2485,10138,1013.0,0.0,-0.09992108897218387,0.05922582373023033,0.05619856342673302,"tensor(-1., device='cuda:0')",0.743,0.755
2025-01-13 19:00:59,Cora,"tensor(2056, device='cuda:0')",2485,10138,1013.0,0.0,-0.09992108897218387,0.05841313675045967,0.05766267701983452,"tensor(-1.0000, device='cuda:0')",0.739,0.748
2025-01-13 19:01:01,Cora,"tensor(2344, device='cuda:0')",2485,10138,1013.0,0.0,-0.09992108897218387,0.06023278459906578,0.056435443460941315,"tensor(-1., device='cuda:0')",0.739,0.748
2025-01-13 19:01:03,Cora,"tensor(1006, device='cuda:0')",2485,10138,1013.0,0.0,-0.09992108897218387,0.05970006063580513,0.0574459545314312,"tensor(-1., device='cuda:0')",0.74,0.748
2025-01-13 19:01:04,Cora,"tensor(871, device='cuda:0')",2485,10138,1013.0,0.0,-0.09992108897218387,0.059191059321165085,0.05729156732559204,"tensor(-1., device='cuda:0')",0.74,0.749
2025-01-13 19:01:06,Cora,"tensor(320, device='cuda:0')",2485,10138,1013.0,0.0,-0.09992108897218387,0.05667658522725105,0.0586787648499012,"tensor(1., device='cuda:0')",0.739,0.752
2025-01-13 19:01:07,Cora,"tensor(1338, device='cuda:0')",2485,10138,1013.0,0.0,-0.09992108897218387,0.059817101806402206,0.05788596346974373,"tensor(-1., device='cuda:0')",0.74,0.755
2025-01-13 19:01:09,Cora,"tensor(1789, device='cuda:0')",2485,10138,1013.0,0.0,-0.09992108897218387,0.056405674666166306,0.05375801399350166,"tensor(-1., device='cuda:0')",0.742,0.751
2025-01-13 19:01:10,Cora,"tensor(1072, device='cuda:0')",2485,10138,1013.0,0.0,-0.09992108897218387,0.058503102511167526,0.057048019021749496,"tensor(-1., device='cuda:0')",0.739,0.755
2025-01-13 19:01:12,Cora,"tensor(32, device='cuda:0')",2485,10138,1013.0,0.0,-0.09992108897218387,0.05959789827466011,0.05856038257479668,"tensor(-1., device='cuda:0')",0.741,0.745
2025-01-13 19:01:14,Cora,"tensor(251, device='cuda:0')",2485,10138,1013.0,0.0,-0.09992108897218387,0.058905042707920074,0.05643780156970024,"tensor(-1., device='cuda:0')",0.74,0.754
2025-01-13 19:01:15,Cora,"tensor(1136, device='cuda:0')",2485,10138,1013.0,0.0,-0.09992108897218387,0.06060041859745979,0.05657193809747696,"tensor(-1., device='cuda:0')",0.741,0.75
2025-01-13 19:01:17,Cora,"tensor(1139, device='cuda:0')",2485,10138,1013.0,0.0,-0.09992108897218387,0.06021907553076744,0.05641063675284386,"tensor(-1., device='cuda:0')",0.74,0.749
2025-01-13 19:01:18,Cora,"tensor(1566, device='cuda:0')",2485,10138,1013.0,0.0,-0.09992108897218387,0.05926814675331116,0.056702662259340286,"tensor(-1., device='cuda:0')",0.742,0.75
2025-01-13 19:01:20,Cora,"tensor(1864, device='cuda:0')",2485,10138,1013.0,0.0,-0.09992108897218387,0.059483613818883896,0.05586305260658264,"tensor(-1., device='cuda:0')",0.735,0.75
2025-01-13 19:01:22,Cora,"tensor(779, device='cuda:0')",2485,10138,1013.0,0.0,-0.09992108897218387,0.05959443002939224,0.056838084012269974,"tensor(-1., device='cuda:0')",0.741,0.751
2025-01-13 19:01:23,Cora,"tensor(1812, device='cuda:0')",2485,10138,1013.0,0.0,-0.09992108897218387,0.057973165065050125,0.05475994572043419,"tensor(-1., device='cuda:0')",0.734,0.754
2025-01-13 19:01:25,Cora,"tensor(1986, device='cuda:0')",2485,10138,1013.0,0.0,-0.09992108897218387,0.057605888694524765,0.05612659454345703,"tensor(-1.0000, device='cuda:0')",0.737,0.754
2025-01-13 19:01:26,Cora,"tensor(2371, device='cuda:0')",2485,10138,1013.0,0.0,-0.09992108897218387,0.06044427305459976,0.05754287168383598,"tensor(-1., device='cuda:0')",0.738,0.752
2025-01-13 19:01:28,Cora,"tensor(1220, device='cuda:0')",2485,10138,1013.0,0.0,-0.09992108897218387,0.057235002517700195,0.05689772963523865,"tensor(-1., device='cuda:0')",0.741,0.754
2025-01-13 19:01:30,Cora,"tensor(2478, device='cuda:0')",2485,10138,1013.0,0.0,-0.09992108897218387,0.05892780050635338,0.05721312761306763,"tensor(-1., device='cuda:0')",0.739,0.756
2025-01-13 19:01:31,Cora,"tensor(718, device='cuda:0')",2485,10138,1013.0,0.0,-0.09992108897218387,0.059825219213962555,0.055332768708467484,"tensor(-1., device='cuda:0')",0.736,0.748
2025-01-13 19:01:33,Cora,"tensor(2221, device='cuda:0')",2485,10138,1013.0,0.0,-0.09992108897218387,0.05758887156844139,0.05813189223408699,"tensor(1., device='cuda:0')",0.736,0.752
2025-01-13 19:01:34,Cora,"tensor(2179, device='cuda:0')",2485,10138,1013.0,0.0,-0.09992108897218387,0.05875818803906441,0.05843155458569527,"tensor(-1.0000, device='cuda:0')",0.737,0.754
2025-01-13 19:01:36,Cora,"tensor(1269, device='cuda:0')",2485,10138,1013.0,0.0,-0.09992108897218387,0.06067345291376114,0.056108277291059494,"tensor(-1., device='cuda:0')",0.738,0.753
2025-01-13 19:01:37,Cora,"tensor(1594, device='cuda:0')",2485,10138,1013.0,0.0,-0.09992108897218387,0.06021673232316971,0.059162985533475876,"tensor(-1., device='cuda:0')",0.742,0.754
2025-01-13 19:01:39,Cora,"tensor(2214, device='cuda:0')",2485,10138,1013.0,0.0,-0.09992108897218387,0.05920977517962456,0.05566101893782616,"tensor(-1., device='cuda:0')",0.738,0.755
2025-01-13 19:01:41,Cora,"tensor(1095, device='cuda:0')",2485,10138,1013.0,0.0,-0.09992108897218387,0.058996763080358505,0.05809755250811577,"tensor(-1., device='cuda:0')",0.737,0.753
2025-01-13 19:01:42,Cora,"tensor(343, device='cuda:0')",2485,10138,1013.0,0.0,-0.09992108897218387,0.05719827488064766,0.055423762649297714,"tensor(-1., device='cuda:0')",0.738,0.756
2025-01-13 19:01:44,Cora,"tensor(1856, device='cuda:0')",2485,10138,1013.0,0.0,-0.09992108897218387,0.05909550189971924,0.056160856038331985,"tensor(-1., device='cuda:0')",0.739,0.755
2025-01-13 19:01:45,Cora,"tensor(469, device='cuda:0')",2485,10138,1013.0,0.0,-0.09992108897218387,0.05961352586746216,0.05485234782099724,"tensor(-1., device='cuda:0')",0.734,0.755
2025-01-13 19:01:47,Cora,"tensor(2220, device='cuda:0')",2485,10138,1013.0,0.0,-0.09992108897218387,0.057974278926849365,0.05651486665010452,"tensor(-1., device='cuda:0')",0.738,0.748
2025-01-13 19:01:48,Cora,"tensor(1401, device='cuda:0')",2485,10138,1013.0,0.0,-0.09992108897218387,0.058721672743558884,0.05760051682591438,"tensor(-1., device='cuda:0')",0.737,0.752
2025-01-13 19:01:50,Cora,"tensor(386, device='cuda:0')",2485,10138,1013.0,0.0,-0.09992108897218387,0.058706458657979965,0.054093506187200546,"tensor(-1., device='cuda:0')",0.736,0.752
2025-01-13 19:01:52,Cora,"tensor(2381, device='cuda:0')",2485,10138,1013.0,0.0,-0.09992108897218387,0.055876124650239944,0.054822202771902084,"tensor(-1., device='cuda:0')",0.735,0.751
2025-01-13 19:01:53,Cora,"tensor(2117, device='cuda:0')",2485,10138,1013.0,0.0,-0.09992108897218387,0.0573636069893837,0.05675940588116646,"tensor(-1.0000, device='cuda:0')",0.742,0.751
2025-01-13 19:01:55,Cora,"tensor(745, device='cuda:0')",2485,10138,1013.0,0.0,-0.09992108897218387,0.05673707649111748,0.057077180594205856,"tensor(1., device='cuda:0')",0.737,0.752
2025-01-13 19:01:56,Cora,"tensor(2302, device='cuda:0')",2485,10138,1013.0,0.0,-0.09992108897218387,0.058952756226062775,0.05758218839764595,"tensor(-1.0000, device='cuda:0')",0.738,0.744
2025-01-13 19:01:58,Cora,"tensor(609, device='cuda:0')",2485,10138,1013.0,0.0,-0.09992108897218387,0.05717724561691284,0.055586595088243484,"tensor(-1.0000, device='cuda:0')",0.738,0.754
2025-01-13 19:01:59,Cora,"tensor(202, device='cuda:0')",2485,10138,1013.0,0.0,-0.09992108897218387,0.060075338929891586,0.05656754598021507,"tensor(-1.0000, device='cuda:0')",0.739,0.757
2025-01-13 19:02:01,Cora,"tensor(2234, device='cuda:0')",2485,10138,1013.0,0.0,-0.09992108897218387,0.058489587157964706,0.05722251534461975,"tensor(-1., device='cuda:0')",0.739,0.751
2025-01-13 19:02:03,Cora,"tensor(1365, device='cuda:0')",2485,10138,1013.0,0.0,-0.09992108897218387,0.05895456299185753,0.058130305260419846,"tensor(-1., device='cuda:0')",0.741,0.748
2025-01-13 19:02:04,Cora,"tensor(1704, device='cuda:0')",2485,10138,1013.0,0.0,-0.09992108897218387,0.05750039219856262,0.05699416622519493,"tensor(-1., device='cuda:0')",0.738,0.753
2025-01-13 19:02:06,Cora,"tensor(2066, device='cuda:0')",2485,10138,1013.0,0.0,-0.09992108897218387,0.05476126819849014,0.056211840361356735,"tensor(1.0000, device='cuda:0')",0.734,0.747
2025-01-13 19:02:07,Cora,"tensor(55, device='cuda:0')",2485,10138,1013.0,0.0,-0.09992108897218387,0.05972032621502876,0.05989377573132515,"tensor(1., device='cuda:0')",0.737,0.748
2025-01-13 19:02:09,Cora,"tensor(70, device='cuda:0')",2485,10138,1013.0,0.0,-0.09992108897218387,0.05956759676337242,0.05720344930887222,"tensor(-1., device='cuda:0')",0.737,0.752
2025-01-13 19:02:11,Cora,"tensor(912, device='cuda:0')",2485,10138,1013.0,0.0,-0.09992108897218387,0.0591069720685482,0.057467687875032425,"tensor(-1., device='cuda:0')",0.739,0.754
2025-01-13 19:02:12,Cora,"tensor(974, device='cuda:0')",2485,10138,1013.0,0.0,-0.09992108897218387,0.06046617776155472,0.05965938791632652,"tensor(-1.0000, device='cuda:0')",0.737,0.75
2025-01-13 19:02:14,Cora,"tensor(1117, device='cuda:0')",2485,10138,1013.0,0.0,-0.09992108897218387,0.06026732549071312,0.05949293449521065,"tensor(-1.0000, device='cuda:0')",0.74,0.747
2025-01-13 19:02:15,Cora,"tensor(1533, device='cuda:0')",2485,10138,1013.0,0.0,-0.09992108897218387,0.059169091284275055,0.054542530328035355,"tensor(-1., device='cuda:0')",0.736,0.751
2025-01-13 19:02:17,Cora,"tensor(524, device='cuda:0')",2485,10138,1013.0,0.0,-0.09992108897218387,0.05775104835629463,0.05726213380694389,"tensor(-1., device='cuda:0')",0.741,0.75
2025-01-13 19:02:18,Cora,"tensor(729, device='cuda:0')",2485,10138,1013.0,0.0,-0.09992108897218387,0.05790940672159195,0.056050922721624374,"tensor(-1.0000, device='cuda:0')",0.743,0.753
2025-01-13 19:02:20,Cora,"tensor(1915, device='cuda:0')",2485,10138,1013.0,0.0,-0.09992108897218387,0.06115938350558281,0.057194001972675323,"tensor(-1., device='cuda:0')",0.736,0.749
2025-01-13 19:02:21,Cora,"tensor(1854, device='cuda:0')",2485,10138,1013.0,0.0,-0.09992108897218387,0.05868716910481453,0.05586416646838188,"tensor(-1., device='cuda:0')",0.734,0.748
2025-01-13 19:02:23,Cora,"tensor(1938, device='cuda:0')",2485,10138,1013.0,0.0,-0.09992108897218387,0.05998942255973816,0.05659841373562813,"tensor(-1., device='cuda:0')",0.74,0.752
2025-01-13 19:02:25,Cora,"tensor(642, device='cuda:0')",2485,10138,1013.0,0.0,-0.09992108897218387,0.05827508121728897,0.054870057851076126,"tensor(-1., device='cuda:0')",0.743,0.753
2025-01-13 19:02:26,Cora,"tensor(1960, device='cuda:0')",2485,10138,1013.0,0.0,-0.09992108897218387,0.059741463512182236,0.05582446977496147,"tensor(-1., device='cuda:0')",0.739,0.753
2025-01-13 19:02:28,Cora,"tensor(654, device='cuda:0')",2485,10138,1013.0,0.0,-0.09992108897218387,0.05822617560625076,0.05729874595999718,"tensor(-1., device='cuda:0')",0.741,0.751
2025-01-13 19:02:29,Cora,"tensor(2267, device='cuda:0')",2485,10138,1013.0,0.0,-0.09992108897218387,0.0576767697930336,0.05720258876681328,"tensor(-1., device='cuda:0')",0.736,0.747
2025-01-13 19:02:31,Cora,"tensor(1319, device='cuda:0')",2485,10138,1013.0,0.0,-0.09992108897218387,0.05982483550906181,0.05896332487463951,"tensor(-1., device='cuda:0')",0.735,0.754
2025-01-13 19:02:33,Cora,"tensor(2064, device='cuda:0')",2485,10138,1013.0,0.0,-0.09992108897218387,0.055982064455747604,0.055352069437503815,"tensor(-1.0000, device='cuda:0')",0.738,0.749
2025-01-13 19:02:34,Cora,"tensor(2008, device='cuda:0')",2485,10138,1013.0,0.0,-0.09992108897218387,0.05713251233100891,0.054847873747348785,"tensor(-1., device='cuda:0')",0.737,0.749
2025-01-13 19:02:36,Cora,"tensor(1610, device='cuda:0')",2485,10138,1013.0,0.0,-0.09992108897218387,0.05848897248506546,0.05653974041342735,"tensor(-1.0000, device='cuda:0')",0.741,0.751
2025-01-13 19:02:37,Cora,"tensor(2293, device='cuda:0')",2485,10138,1013.0,0.0,-0.09992108897218387,0.05667294189333916,0.057654548436403275,"tensor(1., device='cuda:0')",0.737,0.754
2025-01-13 19:02:39,Cora,"tensor(800, device='cuda:0')",2485,10138,1013.0,0.0,-0.09992108897218387,0.057465314865112305,0.05541391298174858,"tensor(-1., device='cuda:0')",0.74,0.75
2025-01-13 19:02:40,Cora,"tensor(632, device='cuda:0')",2485,10138,1013.0,0.0,-0.09992108897218387,0.05680219084024429,0.05693389102816582,"tensor(1., device='cuda:0')",0.741,0.75
2025-01-13 19:02:42,Cora,"tensor(1270, device='cuda:0')",2485,10138,1013.0,0.0,-0.09992108897218387,0.05765819549560547,0.05614181235432625,"tensor(-1., device='cuda:0')",0.736,0.748
2025-01-13 19:02:44,Cora,"tensor(1720, device='cuda:0')",2485,10138,1013.0,0.0,-0.09992108897218387,0.05990258604288101,0.05864434316754341,"tensor(-1.0000, device='cuda:0')",0.737,0.757
2025-01-13 19:02:45,Cora,"tensor(1754, device='cuda:0')",2485,10138,1013.0,0.0,-0.09992108897218387,0.05762508511543274,0.05724852904677391,"tensor(-1., device='cuda:0')",0.742,0.75
2025-01-13 19:02:47,Cora,"tensor(1510, device='cuda:0')",2485,10138,1013.0,0.0,-0.09992108897218387,0.05772394686937332,0.056426893919706345,"tensor(-1., device='cuda:0')",0.739,0.748
2025-01-13 19:02:48,Cora,"tensor(198, device='cuda:0')",2485,10138,1013.0,0.0,-0.09992108897218387,0.05959705635905266,0.057720985263586044,"tensor(-1., device='cuda:0')",0.733,0.752
2025-01-13 19:02:50,Cora,"tensor(2292, device='cuda:0')",2485,10138,1013.0,0.0,-0.09992108897218387,0.05860423669219017,0.05646606907248497,"tensor(-1., device='cuda:0')",0.743,0.754
2025-01-13 19:02:51,Cora,"tensor(1096, device='cuda:0')",2485,10138,1013.0,0.0,-0.09992108897218387,0.06079408526420593,0.05682296305894852,"tensor(-1., device='cuda:0')",0.736,0.75
2025-01-13 19:02:53,Cora,"tensor(1741, device='cuda:0')",2485,10138,1013.0,0.0,-0.09992108897218387,0.057926058769226074,0.05868282914161682,"tensor(1., device='cuda:0')",0.74,0.753
2025-01-13 19:02:55,Cora,"tensor(391, device='cuda:0')",2485,10138,1013.0,0.0,-0.09992108897218387,0.05924293026328087,0.05686577782034874,"tensor(-1., device='cuda:0')",0.736,0.75
2025-01-13 19:02:56,Cora,"tensor(465, device='cuda:0')",2485,10138,1013.0,0.0,-0.09992108897218387,0.06012362241744995,0.05828526243567467,"tensor(-1.0000, device='cuda:0')",0.736,0.748
2025-01-13 19:02:58,Cora,"tensor(220, device='cuda:0')",2485,10138,1013.0,0.0,-0.09992108897218387,0.05955088138580322,0.05794188380241394,"tensor(-1.0000, device='cuda:0')",0.737,0.753
2025-01-13 19:02:59,Cora,"tensor(1358, device='cuda:0')",2485,10138,1013.0,0.0,-0.09992108897218387,0.05641579627990723,0.05616752430796623,"tensor(-1., device='cuda:0')",0.742,0.752
2025-01-13 19:03:01,Cora,"tensor(2211, device='cuda:0')",2485,10138,1013.0,0.0,-0.09992108897218387,0.05734316259622574,0.05630696937441826,"tensor(-1., device='cuda:0')",0.735,0.749
2025-01-13 19:03:03,Cora,"tensor(152, device='cuda:0')",2485,10138,1013.0,0.0,-0.09992108897218387,0.05960862711071968,0.05870163440704346,"tensor(-1., device='cuda:0')",0.738,0.754
2025-01-13 19:03:04,Cora,"tensor(636, device='cuda:0')",2485,10138,1013.0,0.0,-0.09992108897218387,0.05980343744158745,0.0590042769908905,"tensor(-1., device='cuda:0')",0.738,0.752
2025-01-13 19:03:06,Cora,"tensor(1509, device='cuda:0')",2485,10138,1013.0,0.0,-0.09992108897218387,0.057248760014772415,0.057437557727098465,"tensor(1., device='cuda:0')",0.745,0.755
2025-01-13 19:03:07,Cora,"tensor(1969, device='cuda:0')",2485,10138,1013.0,0.0,-0.09992108897218387,0.057716261595487595,0.05639713630080223,"tensor(-1., device='cuda:0')",0.74,0.755
2025-01-13 19:03:09,Cora,"tensor(1026, device='cuda:0')",2485,10138,1013.0,0.0,-0.09992108897218387,0.05825261026620865,0.05591795593500137,"tensor(-1.0000, device='cuda:0')",0.737,0.753
2025-01-13 19:03:10,Cora,"tensor(1729, device='cuda:0')",2485,10138,1013.0,0.0,-0.09992108897218387,0.05858432874083519,0.056992143392562866,"tensor(-1., device='cuda:0')",0.74,0.754
2025-01-13 19:03:12,Cora,"tensor(29, device='cuda:0')",2485,10138,1013.0,0.0,-0.09992108897218387,0.05821869522333145,0.05712088569998741,"tensor(-1., device='cuda:0')",0.744,0.75
2025-01-13 19:03:14,Cora,"tensor(2136, device='cuda:0')",2485,10138,1013.0,0.0,-0.09992108897218387,0.05749103054404259,0.05646175891160965,"tensor(-1., device='cuda:0')",0.739,0.754
2025-01-13 19:03:15,Cora,"tensor(2, device='cuda:0')",2485,10138,1013.0,0.0,-0.09992108897218387,0.05778801068663597,0.0559050515294075,"tensor(-1., device='cuda:0')",0.735,0.75
2025-01-13 19:03:17,Cora,"tensor(997, device='cuda:0')",2485,10138,1013.0,0.0,-0.09992108897218387,0.05646054819226265,0.05614059045910835,"tensor(-1., device='cuda:0')",0.742,0.755
2025-01-13 19:03:18,Cora,"tensor(1152, device='cuda:0')",2485,10138,1013.0,0.0,-0.09992108897218387,0.06049143150448799,0.05617782473564148,"tensor(-1.0000, device='cuda:0')",0.734,0.752
2025-01-13 19:03:20,Cora,"tensor(911, device='cuda:0')",2485,10138,1013.0,0.0,-0.09992108897218387,0.05920492485165596,0.05611380562186241,"tensor(-1., device='cuda:0')",0.736,0.75
2025-01-13 19:03:21,Cora,"tensor(711, device='cuda:0')",2485,10138,1013.0,0.0,-0.09992108897218387,0.058167506009340286,0.05537858232855797,"tensor(-1.0000, device='cuda:0')",0.737,0.752
2025-01-13 19:03:23,Cora,"tensor(1425, device='cuda:0')",2485,10138,1013.0,0.0,-0.09992108897218387,0.05703047662973404,0.053517479449510574,"tensor(-1., device='cuda:0')",0.737,0.752
2025-01-13 19:03:25,Cora,"tensor(1042, device='cuda:0')",2485,10138,1013.0,0.0,-0.09992108897218387,0.060267914086580276,0.06108425185084343,"tensor(1., device='cuda:0')",0.738,0.753
2025-01-13 19:03:26,Cora,"tensor(471, device='cuda:0')",2485,10138,1013.0,0.0,-0.09992108897218387,0.059016574174165726,0.05538824945688248,"tensor(-1., device='cuda:0')",0.74,0.755
2025-01-13 19:03:28,Cora,"tensor(404, device='cuda:0')",2485,10138,1013.0,0.0,-0.09992108897218387,0.06056258827447891,0.0571739561855793,"tensor(-1., device='cuda:0')",0.738,0.75
2025-01-13 19:03:29,Cora,"tensor(1697, device='cuda:0')",2485,10138,1013.0,0.0,-0.09992108897218387,0.058507006615400314,0.0563526414334774,"tensor(-1., device='cuda:0')",0.739,0.757
2025-01-13 19:03:31,Cora,"tensor(1936, device='cuda:0')",2485,10138,1013.0,0.0,-0.09992108897218387,0.057676609605550766,0.0579201765358448,"tensor(1.0000, device='cuda:0')",0.738,0.751
2025-01-13 19:03:33,Cora,"tensor(1324, device='cuda:0')",2485,10138,1013.0,0.0,-0.09992108897218387,0.057479556649923325,0.05539463087916374,"tensor(-1., device='cuda:0')",0.74,0.753
2025-01-13 19:03:34,Cora,"tensor(659, device='cuda:0')",2485,10138,1013.0,0.0,-0.09992108897218387,0.05893705412745476,0.05833413824439049,"tensor(-1., device='cuda:0')",0.738,0.751
2025-01-13 19:03:36,Cora,"tensor(1785, device='cuda:0')",2485,10138,1013.0,0.0,-0.09992108897218387,0.05907157063484192,0.05642681196331978,"tensor(-1., device='cuda:0')",0.738,0.751
2025-01-13 19:03:37,Cora,"tensor(2055, device='cuda:0')",2485,10138,1013.0,0.0,-0.09992108897218387,0.05651605874300003,0.05619670823216438,"tensor(-1.0000, device='cuda:0')",0.739,0.753
2025-01-13 19:03:39,Cora,"tensor(179, device='cuda:0')",2485,10138,1013.0,0.0,-0.09992108897218387,0.0582292266190052,0.0578324981033802,"tensor(-1., device='cuda:0')",0.741,0.756
2025-01-13 19:03:40,Cora,"tensor(1499, device='cuda:0')",2485,10138,1013.0,0.0,-0.09992108897218387,0.05583778768777847,0.05686315521597862,"tensor(1., device='cuda:0')",0.738,0.751
2025-01-13 19:03:42,Cora,"tensor(243, device='cuda:0')",2485,10138,1013.0,0.0,-0.09992108897218387,0.056673165410757065,0.05557384714484215,"tensor(-1., device='cuda:0')",0.739,0.753
2025-01-13 19:03:43,Cora,"tensor(1658, device='cuda:0')",2485,10138,1013.0,0.0,-0.09992108897218387,0.05908483266830444,0.057388853281736374,"tensor(-1., device='cuda:0')",0.735,0.751
2025-01-13 19:03:45,Cora,"tensor(2244, device='cuda:0')",2485,10138,1013.0,0.0,-0.09992108897218387,0.0594736710190773,0.05859818682074547,"tensor(-1., device='cuda:0')",0.735,0.752
2025-01-13 19:03:47,Cora,"tensor(2048, device='cuda:0')",2485,10138,1013.0,0.0,-0.09992108897218387,0.05528018996119499,0.055587660521268845,"tensor(1., device='cuda:0')",0.729,0.754
2025-01-13 19:03:48,Cora,"tensor(221, device='cuda:0')",2485,10138,1013.0,0.0,-0.09992108897218387,0.058298468589782715,0.057168345898389816,"tensor(-1., device='cuda:0')",0.739,0.754
2025-01-13 19:03:50,Cora,"tensor(452, device='cuda:0')",2485,10138,1013.0,0.0,-0.09992108897218387,0.05767764523625374,0.05587329342961311,"tensor(-1., device='cuda:0')",0.736,0.752
2025-01-13 19:03:51,Cora,"tensor(759, device='cuda:0')",2485,10138,1013.0,0.0,-0.09992108897218387,0.06033938750624657,0.060112275183200836,"tensor(-1.0000, device='cuda:0')",0.738,0.757
2025-01-13 19:03:53,Cora,"tensor(244, device='cuda:0')",2485,10138,1013.0,0.0,-0.09992108897218387,0.057952880859375,0.057236041873693466,"tensor(-1., device='cuda:0')",0.736,0.752
2025-01-13 19:03:55,Cora,"tensor(2167, device='cuda:0')",2485,10138,1013.0,0.0,-0.09992108897218387,0.058530043810606,0.055616896599531174,"tensor(-1., device='cuda:0')",0.742,0.751
2025-01-13 19:03:56,Cora,"tensor(1886, device='cuda:0')",2485,10138,1013.0,0.0,-0.09992108897218387,0.059598784893751144,0.05792165920138359,"tensor(-1., device='cuda:0')",0.738,0.755
2025-01-13 19:03:58,Cora,"tensor(363, device='cuda:0')",2485,10138,1013.0,0.0,-0.09992108897218387,0.05831082537770271,0.05697941780090332,"tensor(-1.0000, device='cuda:0')",0.741,0.752
2025-01-13 19:03:59,Cora,"tensor(640, device='cuda:0')",2485,10138,1013.0,0.0,-0.09992108897218387,0.060183312743902206,0.057843517512083054,"tensor(-1., device='cuda:0')",0.741,0.751
2025-01-13 19:04:01,Cora,"tensor(76, device='cuda:0')",2485,10138,1013.0,0.0,-0.09992108897218387,0.056992173194885254,0.05479656532406807,"tensor(-1., device='cuda:0')",0.74,0.756
2025-01-13 19:04:02,Cora,"tensor(2351, device='cuda:0')",2485,10138,1013.0,0.0,-0.09992108897218387,0.05745669826865196,0.05557951331138611,"tensor(-1., device='cuda:0')",0.74,0.753
2025-01-13 19:04:04,Cora,"tensor(1342, device='cuda:0')",2485,10138,1013.0,0.0,-0.09992108897218387,0.057472556829452515,0.057396162301301956,"tensor(-1., device='cuda:0')",0.742,0.752
2025-01-13 19:04:06,Cora,"tensor(1161, device='cuda:0')",2485,10138,1013.0,0.0,-0.09992108897218387,0.05872633680701256,0.055727940052747726,"tensor(-1., device='cuda:0')",0.74,0.752
2025-01-13 19:04:07,Cora,"tensor(373, device='cuda:0')",2485,10138,1013.0,0.0,-0.09992108897218387,0.05635002255439758,0.055264782160520554,"tensor(-1., device='cuda:0')",0.736,0.752
2025-01-13 19:04:09,Cora,"tensor(74, device='cuda:0')",2485,10138,1013.0,0.0,-0.09992108897218387,0.05792628601193428,0.05926722288131714,"tensor(1., device='cuda:0')",0.738,0.754
2025-01-13 19:04:10,Cora,"tensor(11, device='cuda:0')",2485,10138,1013.0,0.0,-0.09992108897218387,0.05692179873585701,0.05625636503100395,"tensor(-1., device='cuda:0')",0.738,0.753
2025-01-13 19:04:12,Cora,"tensor(2324, device='cuda:0')",2485,10138,1013.0,0.0,-0.09992108897218387,0.05927007272839546,0.05615983530879021,"tensor(-1., device='cuda:0')",0.74,0.752
2025-01-13 19:04:14,Cora,"tensor(2160, device='cuda:0')",2485,10138,1013.0,0.0,-0.09992108897218387,0.05800759792327881,0.05898125842213631,"tensor(1.0000, device='cuda:0')",0.744,0.746
2025-01-13 19:04:15,Cora,"tensor(257, device='cuda:0')",2485,10138,1013.0,0.0,-0.09992108897218387,0.05873033404350281,0.05787017568945885,"tensor(-1., device='cuda:0')",0.74,0.753
2025-01-13 19:04:17,Cora,"tensor(2357, device='cuda:0')",2485,10138,1013.0,0.0,-0.09992108897218387,0.05944737419486046,0.05782938003540039,"tensor(-1., device='cuda:0')",0.738,0.747
2025-01-13 19:04:18,Cora,"tensor(197, device='cuda:0')",2485,10138,1013.0,0.0,-0.09992108897218387,0.058017611503601074,0.05650494247674942,"tensor(-1., device='cuda:0')",0.74,0.747
2025-01-13 19:04:20,Cora,"tensor(712, device='cuda:0')",2485,10138,1013.0,0.0,-0.09992108897218387,0.05931303650140762,0.05730947479605675,"tensor(-1., device='cuda:0')",0.742,0.752
2025-01-13 19:04:22,Cora,"tensor(1911, device='cuda:0')",2485,10138,1013.0,0.0,-0.09992108897218387,0.05874328687787056,0.058059211820364,"tensor(-1., device='cuda:0')",0.737,0.751
2025-01-13 19:04:23,Cora,"tensor(1199, device='cuda:0')",2485,10138,1013.0,0.0,-0.09992108897218387,0.059963393956422806,0.05777626112103462,"tensor(-1., device='cuda:0')",0.736,0.754
2025-01-13 19:04:25,Cora,"tensor(2034, device='cuda:0')",2485,10138,1013.0,0.0,-0.09992108897218387,0.05885345861315727,0.057379551231861115,"tensor(-1., device='cuda:0')",0.735,0.755
2025-01-13 19:04:26,Cora,"tensor(2053, device='cuda:0')",2485,10138,1013.0,0.0,-0.09992108897218387,0.05902894213795662,0.056716274470090866,"tensor(-1., device='cuda:0')",0.738,0.75
2025-01-13 19:04:28,Cora,"tensor(2046, device='cuda:0')",2485,10138,1013.0,0.0,-0.09992108897218387,0.05784983187913895,0.05492370203137398,"tensor(-1.0000, device='cuda:0')",0.737,0.75
2025-01-13 19:04:30,Cora,"tensor(1213, device='cuda:0')",2485,10138,1013.0,0.0,-0.09992108897218387,0.057366739958524704,0.05668921396136284,"tensor(-1., device='cuda:0')",0.74,0.753
2025-01-13 19:04:31,Cora,"tensor(588, device='cuda:0')",2485,10138,1013.0,0.0,-0.09992108897218387,0.058418985456228256,0.056253112852573395,"tensor(-1., device='cuda:0')",0.741,0.755
2025-01-13 19:04:33,Cora,"tensor(241, device='cuda:0')",2485,10138,1013.0,0.0,-0.09992108897218387,0.05738156661391258,0.056441910564899445,"tensor(-1., device='cuda:0')",0.733,0.752
2025-01-13 19:04:34,Cora,"tensor(231, device='cuda:0')",2485,10138,1013.0,0.0,-0.09992108897218387,0.06006501242518425,0.05964375659823418,"tensor(-1., device='cuda:0')",0.741,0.752
2025-01-13 19:04:36,Cora,"tensor(2112, device='cuda:0')",2485,10138,1013.0,0.0,-0.09992108897218387,0.05828738957643509,0.05702316388487816,"tensor(-1., device='cuda:0')",0.737,0.749
2025-01-13 19:04:37,Cora,"tensor(1710, device='cuda:0')",2485,10138,1013.0,0.0,-0.09992108897218387,0.058816082775592804,0.05385233089327812,"tensor(-1., device='cuda:0')",0.737,0.754
2025-01-13 19:04:39,Cora,"tensor(2384, device='cuda:0')",2485,10138,1013.0,0.0,-0.09992108897218387,0.05843853950500488,0.05833810567855835,"tensor(-1., device='cuda:0')",0.743,0.746
2025-01-13 19:04:41,Cora,"tensor(1999, device='cuda:0')",2485,10138,1013.0,0.0,-0.09992108897218387,0.058792438358068466,0.05641382932662964,"tensor(-1., device='cuda:0')",0.738,0.754
2025-01-13 19:04:42,Cora,"tensor(523, device='cuda:0')",2485,10138,1013.0,0.0,-0.09992108897218387,0.059704799205064774,0.05646635219454765,"tensor(-1., device='cuda:0')",0.74,0.75
2025-01-13 19:04:44,Cora,"tensor(209, device='cuda:0')",2485,10138,1013.0,0.0,-0.09992108897218387,0.05734142288565636,0.056504834443330765,"tensor(-1., device='cuda:0')",0.745,0.755
2025-01-13 19:04:45,Cora,"tensor(584, device='cuda:0')",2485,10138,1013.0,0.0,-0.09992108897218387,0.05758514627814293,0.057285126298666,"tensor(-1., device='cuda:0')",0.738,0.753
2025-01-13 19:04:47,Cora,"tensor(364, device='cuda:0')",2485,10138,1013.0,0.0,-0.09992108897218387,0.05605931952595711,0.055422212928533554,"tensor(-1., device='cuda:0')",0.74,0.754
2025-01-13 19:04:48,Cora,"tensor(1081, device='cuda:0')",2485,10138,1013.0,0.0,-0.09992108897218387,0.05850062519311905,0.05714469030499458,"tensor(-1., device='cuda:0')",0.74,0.752
2025-01-13 19:04:50,Cora,"tensor(314, device='cuda:0')",2485,10138,1013.0,0.0,-0.09992108897218387,0.05834753066301346,0.05752795934677124,"tensor(-1.0000, device='cuda:0')",0.734,0.75
2025-01-13 19:04:52,Cora,"tensor(482, device='cuda:0')",2485,10138,1013.0,0.0,-0.09992108897218387,0.057894863188266754,0.05795656517148018,"tensor(1., device='cuda:0')",0.737,0.751
2025-01-13 19:04:53,Cora,"tensor(318, device='cuda:0')",2485,10138,1013.0,0.0,-0.09992108897218387,0.05686263367533684,0.05610910803079605,"tensor(-1., device='cuda:0')",0.738,0.754
2025-01-13 19:04:55,Cora,"tensor(2269, device='cuda:0')",2485,10138,1013.0,0.0,-0.09992108897218387,0.05838893726468086,0.05536691099405289,"tensor(-1., device='cuda:0')",0.739,0.753
2025-01-13 19:04:56,Cora,"tensor(1254, device='cuda:0')",2485,10138,1013.0,0.0,-0.09992108897218387,0.059771884232759476,0.05822765827178955,"tensor(-1., device='cuda:0')",0.733,0.749
2025-01-13 19:04:58,Cora,"tensor(1597, device='cuda:0')",2485,10138,1013.0,0.0,-0.09992108897218387,0.06009715422987938,0.05808062106370926,"tensor(-1., device='cuda:0')",0.739,0.751
2025-01-13 19:05:00,Cora,"tensor(1073, device='cuda:0')",2485,10138,1013.0,0.0,-0.09992108897218387,0.05636194348335266,0.055781152099370956,"tensor(-1.0000, device='cuda:0')",0.736,0.753
2025-01-13 19:05:01,Cora,"tensor(2253, device='cuda:0')",2485,10138,1013.0,0.0,-0.09992108897218387,0.05866431072354317,0.056204408407211304,"tensor(-1., device='cuda:0')",0.74,0.751
2025-01-13 19:05:03,Cora,"tensor(5, device='cuda:0')",2485,10138,1013.0,0.0,-0.09992108897218387,0.06016538292169571,0.05738087370991707,"tensor(-1., device='cuda:0')",0.739,0.748
2025-01-13 19:05:04,Cora,"tensor(160, device='cuda:0')",2485,10138,1013.0,0.0,-0.09992108897218387,0.057144153863191605,0.05490623787045479,"tensor(-1., device='cuda:0')",0.737,0.75
2025-01-13 19:05:06,Cora,"tensor(1025, device='cuda:0')",2485,10138,1013.0,0.0,-0.09992108897218387,0.056284498423337936,0.05562986806035042,"tensor(-1., device='cuda:0')",0.739,0.752
2025-01-13 19:05:08,Cora,"tensor(108, device='cuda:0')",2485,10138,1013.0,0.0,-0.09992108897218387,0.058508314192295074,0.056800901889801025,"tensor(-1., device='cuda:0')",0.739,0.75
2025-01-13 19:05:09,Cora,"tensor(538, device='cuda:0')",2485,10138,1013.0,0.0,-0.09992108897218387,0.057522643357515335,0.054618872702121735,"tensor(-1., device='cuda:0')",0.735,0.756
2025-01-13 19:05:11,Cora,"tensor(226, device='cuda:0')",2485,10138,1013.0,0.0,-0.09992108897218387,0.05842707306146622,0.056085724383592606,"tensor(-1.0000, device='cuda:0')",0.741,0.755
2025-01-13 19:05:12,Cora,"tensor(810, device='cuda:0')",2485,10138,1013.0,0.0,-0.09992108897218387,0.058152783662080765,0.054960526525974274,"tensor(-1., device='cuda:0')",0.744,0.753
2025-01-13 19:05:14,Cora,"tensor(2286, device='cuda:0')",2485,10138,1013.0,0.0,-0.09992108897218387,0.05670730024576187,0.05616496875882149,"tensor(-1., device='cuda:0')",0.74,0.752
2025-01-13 19:05:16,Cora,"tensor(1065, device='cuda:0')",2485,10138,1013.0,0.0,-0.09992108897218387,0.05839673429727554,0.05745836719870567,"tensor(-1., device='cuda:0')",0.741,0.744
2025-01-13 19:05:17,Cora,"tensor(420, device='cuda:0')",2485,10138,1013.0,0.0,-0.09992108897218387,0.058992207050323486,0.05696610361337662,"tensor(-1., device='cuda:0')",0.743,0.753
2025-01-13 19:05:19,Cora,"tensor(1755, device='cuda:0')",2485,10138,1013.0,0.0,-0.09992108897218387,0.05868673324584961,0.05645233392715454,"tensor(-1., device='cuda:0')",0.735,0.75
2025-01-13 19:05:20,Cora,"tensor(259, device='cuda:0')",2485,10138,1013.0,0.0,-0.09992108897218387,0.057877253741025925,0.0564255490899086,"tensor(-1., device='cuda:0')",0.735,0.752
2025-01-13 19:05:22,Cora,"tensor(548, device='cuda:0')",2485,10138,1013.0,0.0,-0.09992108897218387,0.059095095843076706,0.05944119766354561,"tensor(1., device='cuda:0')",0.738,0.749
2025-01-13 19:05:23,Cora,"tensor(2362, device='cuda:0')",2485,10138,1013.0,0.0,-0.09992108897218387,0.05720638111233711,0.055687498301267624,"tensor(-1., device='cuda:0')",0.734,0.753
2025-01-13 19:05:25,Cora,"tensor(855, device='cuda:0')",2485,10138,1013.0,0.0,-0.09992108897218387,0.05839042738080025,0.055806029587984085,"tensor(-1., device='cuda:0')",0.741,0.749
2025-01-13 19:05:27,Cora,"tensor(1691, device='cuda:0')",2485,10138,1013.0,0.0,-0.09992108897218387,0.05881232023239136,0.057877421379089355,"tensor(-1., device='cuda:0')",0.737,0.747
2025-01-13 19:05:28,Cora,"tensor(327, device='cuda:0')",2485,10138,1013.0,0.0,-0.09992108897218387,0.06021258980035782,0.05798919126391411,"tensor(-1., device='cuda:0')",0.738,0.756
